pcode,visited,times
CCCM-SO1101-0001,0,0
CCCM-SO1101-0002,0,0
CCCM-SO1101-0003,0,0
CCCM-SO1101-0004,0,0
CCCM-SO1101-0005,0,0
CCCM-SO1101-0006,0,0
CCCM-SO1101-0007,0,0
CCCM-SO1101-0008,0,0
CCCM-SO1101-0009,0,0
CCCM-SO1101-0010,0,0
CCCM-SO1101-0011,0,0
CCCM-SO1102-0001,0,0
CCCM-SO1102-0002,0,0
CCCM-SO1102-0003,0,0
CCCM-SO1102-0004,0,0
CCCM-SO1102-0005,0,0
CCCM-SO1102-0006,0,0
CCCM-SO1102-0007,0,0
CCCM-SO1102-0008,0,0
CCCM-SO1102-0009,0,0
CCCM-SO1102-0010,0,0
CCCM-SO1102-0011,0,0
CCCM-SO1102-0012,0,0
CCCM-SO1102-0013,0,0
CCCM-SO1102-0014,0,0
CCCM-SO1103-0001,0,0
CCCM-SO1103-0002,0,0
CCCM-SO1103-0004,0,0
CCCM-SO1103-0005,0,0
CCCM-SO1103-0006,0,0
CCCM-SO1103-0007,0,0
CCCM-SO1103-0008,0,0
CCCM-SO1104-0001,0,0
CCCM-SO1104-0002,0,0
CCCM-SO1104-0003,0,0
CCCM-SO1104-0004,0,0
CCCM-SO1201-0001,0,0
CCCM-SO1201-0002,0,0
CCCM-SO1201-0003,0,0
CCCM-SO1201-0004,0,0
CCCM-SO1201-0005,0,0
CCCM-SO1201-0006,0,0
CCCM-SO1201-0007,0,0
CCCM-SO1201-0008,0,0
CCCM-SO1201-0009,0,0
CCCM-SO1201-0010,0,0
CCCM-SO1201-0011,0,0
CCCM-SO1201-0012,0,0
CCCM-SO1201-0013,0,0
CCCM-SO1201-0014,0,0
CCCM-SO1201-0015,0,0
CCCM-SO1201-0016,0,0
CCCM-SO1201-0017,0,0
CCCM-SO1201-0018,0,0
CCCM-SO1201-0019,0,0
CCCM-SO1201-0020,0,0
CCCM-SO1201-0021,0,0
CCCM-SO1201-0022,0,0
CCCM-SO1201-0023,0,0
CCCM-SO1201-0024,0,0
CCCM-SO1201-0025,0,0
CCCM-SO1201-0026,0,0
CCCM-SO1201-0027,0,0
CCCM-SO1201-0028,0,0
CCCM-SO1201-0029,0,0
CCCM-SO1201-0030,0,0
CCCM-SO1202-0001,0,0
CCCM-SO1202-0003,0,0
CCCM-SO1202-0004,0,0
CCCM-SO1202-0007,0,0
CCCM-SO1203-0001,0,0
CCCM-SO1203-0002,0,0
CCCM-SO1203-0003,0,0
CCCM-SO1203-0004,0,0
CCCM-SO1203-0005,0,0
CCCM-SO1203-0006,0,0
CCCM-SO1301-0001,0,0
CCCM-SO1301-0002,0,0
CCCM-SO1301-0003,0,0
CCCM-SO1301-0004,0,0
CCCM-SO1301-0005,0,0
CCCM-SO1301-0006,0,0
CCCM-SO1301-0007,0,0
CCCM-SO1301-0008,0,0
CCCM-SO1301-0009,0,0
CCCM-SO1301-0010,0,0
CCCM-SO1301-0011,0,0
CCCM-SO1301-0012,0,0
CCCM-SO1301-0013,0,0
CCCM-SO1301-0014,0,0
CCCM-SO1301-0015,0,0
CCCM-SO1301-0016,0,0
CCCM-SO1301-0017,0,0
CCCM-SO1301-0018,0,0
CCCM-SO1301-0019,0,0
CCCM-SO1301-0020,0,0
CCCM-SO1301-0021,0,0
CCCM-SO1301-0022,0,0
CCCM-SO1301-0023,0,0
CCCM-SO1301-0024,0,0
CCCM-SO1302-0001,0,0
CCCM-SO1302-0002,0,0
CCCM-SO1302-0005,0,0
CCCM-SO1302-0006,0,0
CCCM-SO1302-0007,0,0
CCCM-SO1302-0008,0,0
CCCM-SO1302-0009,0,0
CCCM-SO1302-0010,0,0
CCCM-SO1302-0011,0,0
CCCM-SO1302-0012,0,0
CCCM-SO1302-0013,0,0
CCCM-SO1302-0015,0,0
CCCM-SO1302-0016,0,0
CCCM-SO1302-0017,0,0
CCCM-SO1302-0018,0,0
CCCM-SO1302-0019,0,0
CCCM-SO1302-0020,0,0
CCCM-SO1303-0001,0,0
CCCM-SO1303-0002,0,0
CCCM-SO1303-0003,0,0
CCCM-SO1303-0004,0,0
CCCM-SO1303-0005,0,0
CCCM-SO1303-0006,0,0
CCCM-SO1303-0007,0,0
CCCM-SO1303-0008,0,0
CCCM-SO1303-0009,0,0
CCCM-SO1303-0010,0,0
CCCM-SO1303-0011,0,0
CCCM-SO1303-0012,0,0
CCCM-SO1303-0013,0,0
CCCM-SO1303-0014,0,0
CCCM-SO1303-0015,0,0
CCCM-SO1303-0016,0,0
CCCM-SO1303-0017,0,0
CCCM-SO1303-0018,0,0
CCCM-SO1303-0019,0,0
CCCM-SO1304-0001,0,0
CCCM-SO1304-0004,0,0
CCCM-SO1304-0005,0,0
CCCM-SO1401-0001,0,0
CCCM-SO1401-0002,0,0
CCCM-SO1401-0004,0,0
CCCM-SO1401-0005,0,0
CCCM-SO1401-0006,0,0
CCCM-SO1401-0007,0,0
CCCM-SO1401-0008,0,0
CCCM-SO1401-0009,0,0
CCCM-SO1401-0010,0,0
CCCM-SO1401-0012,0,0
CCCM-SO1402-0002,0,0
CCCM-SO1402-0003,0,0
CCCM-SO1402-0004,0,0
CCCM-SO1402-0005,0,0
CCCM-SO1402-0006,0,0
CCCM-SO1402-0007,0,0
CCCM-SO1402-0008,0,0
CCCM-SO1402-0009,0,0
CCCM-SO1404-0003,0,0
CCCM-SO1404-0004,0,0
CCCM-SO1404-0005,0,0
CCCM-SO1404-0006,0,0
CCCM-SO1404-0007,0,0
CCCM-SO1404-0008,0,0
CCCM-SO1404-0009,0,0
CCCM-SO1501-0001,0,0
CCCM-SO1501-0002,0,0
CCCM-SO1501-0003,0,0
CCCM-SO1501-0004,0,0
CCCM-SO1501-0005,0,0
CCCM-SO1501-0006,0,0
CCCM-SO1501-0007,0,0
CCCM-SO1501-0008,0,0
CCCM-SO1501-0009,0,0
CCCM-SO1501-0010,0,0
CCCM-SO1501-0011,0,0
CCCM-SO1501-0012,0,0
CCCM-SO1502-0001,0,0
CCCM-SO1502-0002,0,0
CCCM-SO1502-0003,0,0
CCCM-SO1502-0004,0,0
CCCM-SO1502-0005,0,0
CCCM-SO1502-0006,0,0
CCCM-SO1502-0007,0,0
CCCM-SO1503-0001,0,0
CCCM-SO1503-0002,0,0
CCCM-SO1503-0003,0,0
CCCM-SO1503-0004,0,0
CCCM-SO1503-0005,0,0
CCCM-SO1503-0006,0,0
CCCM-SO1503-0007,0,0
CCCM-SO1503-0012,0,0
CCCM-SO1601-0001,0,0
CCCM-SO1601-0002,0,0
CCCM-SO1601-0003,0,0
CCCM-SO1601-0004,0,0
CCCM-SO1601-0005,0,0
CCCM-SO1601-0006,0,0
CCCM-SO1601-0007,0,0
CCCM-SO1601-0008,0,0
CCCM-SO1601-0009,0,0
CCCM-SO1601-0010,0,0
CCCM-SO1601-0011,0,0
CCCM-SO1601-0012,0,0
CCCM-SO1601-0013,0,0
CCCM-SO1601-0014,0,0
CCCM-SO1601-0015,0,0
CCCM-SO1601-0016,0,0
CCCM-SO1601-0017,0,0
CCCM-SO1601-0018,0,0
CCCM-SO1601-0019,0,0
CCCM-SO1601-0020,0,0
CCCM-SO1601-0021,0,0
CCCM-SO1601-0022,0,0
CCCM-SO1601-0023,0,0
CCCM-SO1601-0024,0,0
CCCM-SO1601-0025,0,0
CCCM-SO1606-0001,0,0
CCCM-SO1606-0002,0,0
CCCM-SO1606-0003,0,0
CCCM-SO1606-0004,0,0
CCCM-SO1606-0005,0,0
CCCM-SO1606-0006,0,0
CCCM-SO1606-0007,0,0
CCCM-SO1606-0008,0,0
CCCM-SO1606-0009,0,0
CCCM-SO1606-0010,0,0
CCCM-SO1606-0011,0,0
CCCM-SO1606-0012,0,0
CCCM-SO1701-0001,0,0
CCCM-SO1701-0002,0,0
CCCM-SO1701-0003,0,0
CCCM-SO1701-0004,0,0
CCCM-SO1701-0005,0,0
CCCM-SO1701-0006,0,0
CCCM-SO1701-0007,0,0
CCCM-SO1701-0008,0,0
CCCM-SO1701-0009,0,0
CCCM-SO1701-0010,0,0
CCCM-SO1701-0011,0,0
CCCM-SO1701-0012,0,0
CCCM-SO1701-0013,0,0
CCCM-SO1701-0014,0,0
CCCM-SO1701-0015,0,0
CCCM-SO1701-0016,0,0
CCCM-SO1701-0017,0,0
CCCM-SO1701-0018,0,0
CCCM-SO1701-0019,0,0
CCCM-SO1701-0020,0,0
CCCM-SO1701-0021,0,0
CCCM-SO1701-0022,0,0
CCCM-SO1701-0023,0,0
CCCM-SO1701-0024,0,0
CCCM-SO1701-0025,0,0
CCCM-SO1702-0001,0,0
CCCM-SO1702-0002,0,0
CCCM-SO1702-0003,0,0
CCCM-SO1702-0004,0,0
CCCM-SO1801-0001,0,0
CCCM-SO1801-0002,0,0
CCCM-SO1801-0003,0,0
CCCM-SO1801-0004,0,0
CCCM-SO1801-0005,0,0
CCCM-SO1801-0006,0,0
CCCM-SO1801-0007,0,0
CCCM-SO1801-0008,0,0
CCCM-SO1801-0009,0,0
CCCM-SO1801-0010,0,0
CCCM-SO1801-0011,0,0
CCCM-SO1801-0012,0,0
CCCM-SO1801-0013,0,0
CCCM-SO1801-0014,0,0
CCCM-SO1801-0015,0,0
CCCM-SO1801-0016,0,0
CCCM-SO1801-0017,0,0
CCCM-SO1801-0018,0,0
CCCM-SO1801-0019,0,0
CCCM-SO1801-0020,0,0
CCCM-SO1801-0021,0,0
CCCM-SO1801-0022,0,0
CCCM-SO1801-0023,0,0
CCCM-SO1801-0024,0,0
CCCM-SO1801-0025,0,0
CCCM-SO1801-0026,0,0
CCCM-SO1801-0027,0,0
CCCM-SO1801-0028,0,0
CCCM-SO1801-0029,0,0
CCCM-SO1801-0030,0,0
CCCM-SO1801-0031,0,0
CCCM-SO1801-0032,0,0
CCCM-SO1801-0033,0,0
CCCM-SO1801-0034,0,0
CCCM-SO1801-0035,0,0
CCCM-SO1801-0036,0,0
CCCM-SO1801-0037,0,0
CCCM-SO1801-0038,0,0
CCCM-SO1801-0039,0,0
CCCM-SO1801-0040,0,0
CCCM-SO1801-0041,0,0
CCCM-SO1801-0042,0,0
CCCM-SO1801-0043,0,0
CCCM-SO1801-0044,0,0
CCCM-SO1801-0045,0,0
CCCM-SO1801-0046,0,0
CCCM-SO1801-0047,0,0
CCCM-SO1801-0048,0,0
CCCM-SO1801-0049,0,0
CCCM-SO1801-0050,0,0
CCCM-SO1801-0051,0,0
CCCM-SO1801-0052,0,0
CCCM-SO1801-0053,0,0
CCCM-SO1801-0054,0,0
CCCM-SO1801-0055,0,0
CCCM-SO1801-0056,0,0
CCCM-SO1801-0057,0,0
CCCM-SO1801-0058,0,0
CCCM-SO1801-0059,0,0
CCCM-SO1801-0060,0,0
CCCM-SO1801-0061,0,0
CCCM-SO1801-0062,0,0
CCCM-SO1801-0063,0,0
CCCM-SO1801-0064,0,0
CCCM-SO1801-0065,0,0
CCCM-SO1801-0066,0,0
CCCM-SO1801-0067,0,0
CCCM-SO1801-0068,0,0
CCCM-SO1801-0069,0,0
CCCM-SO1801-0070,0,0
CCCM-SO1801-0071,0,0
CCCM-SO1801-0072,0,0
CCCM-SO1801-0073,0,0
CCCM-SO1801-0074,0,0
CCCM-SO1801-0075,0,0
CCCM-SO1801-0076,0,0
CCCM-SO1801-0077,0,0
CCCM-SO1801-0078,0,0
CCCM-SO1801-0079,0,0
CCCM-SO1801-0080,0,0
CCCM-SO1801-0081,0,0
CCCM-SO1801-0082,0,0
CCCM-SO1801-0083,0,0
CCCM-SO1801-0084,0,0
CCCM-SO1801-0085,0,0
CCCM-SO1801-0086,0,0
CCCM-SO1801-0087,0,0
CCCM-SO1801-0088,0,0
CCCM-SO1801-0089,0,0
CCCM-SO1801-0090,0,0
CCCM-SO1802-0001,0,0
CCCM-SO1802-0002,0,0
CCCM-SO1802-0003,0,0
CCCM-SO1802-0004,0,0
CCCM-SO1802-0005,0,0
CCCM-SO1802-0006,0,0
CCCM-SO1803-0001,0,0
CCCM-SO1803-0002,0,0
CCCM-SO1803-0003,0,0
CCCM-SO1803-0004,0,0
CCCM-SO1901-0001,0,0
CCCM-SO1901-0002,0,0
CCCM-SO1901-0003,0,0
CCCM-SO1901-0004,0,0
CCCM-SO1901-0005,0,0
CCCM-SO1901-0006,0,0
CCCM-SO1901-0007,0,0
CCCM-SO1901-0008,0,0
CCCM-SO1901-0009,0,0
CCCM-SO1901-0010,0,0
CCCM-SO1901-0011,0,0
CCCM-SO1901-0012,0,0
CCCM-SO1901-0013,0,0
CCCM-SO1901-0014,0,0
CCCM-SO1901-0015,0,0
CCCM-SO1901-0016,0,0
CCCM-SO1901-0017,0,0
CCCM-SO1901-0018,0,0
CCCM-SO1901-0019,0,0
CCCM-SO1901-0020,0,0
CCCM-SO1901-0021,0,0
CCCM-SO1901-0022,0,0
CCCM-SO1901-0023,0,0
CCCM-SO1901-0024,0,0
CCCM-SO1901-0025,0,0
CCCM-SO1901-0026,0,0
CCCM-SO1901-0027,0,0
CCCM-SO1901-0028,0,0
CCCM-SO1901-0029,0,0
CCCM-SO1901-0030,0,0
CCCM-SO1901-0031,0,0
CCCM-SO1901-0032,0,0
CCCM-SO1901-0033,0,0
CCCM-SO1901-0034,0,0
CCCM-SO1901-0035,0,0
CCCM-SO1901-0036,0,0
CCCM-SO1901-0037,0,0
CCCM-SO1901-0038,0,0
CCCM-SO1901-0039,0,0
CCCM-SO1901-0040,0,0
CCCM-SO1901-0041,0,0
CCCM-SO1901-0042,0,0
CCCM-SO1901-0043,0,0
CCCM-SO1901-0044,0,0
CCCM-SO1901-0045,0,0
CCCM-SO1901-0046,0,0
CCCM-SO1901-0047,0,0
CCCM-SO1902-0001,0,0
CCCM-SO1902-0002,0,0
CCCM-SO1902-0003,0,0
CCCM-SO1902-0004,0,0
CCCM-SO1902-0005,0,0
CCCM-SO1902-0006,0,0
CCCM-SO1902-0007,0,0
CCCM-SO1902-0008,0,0
CCCM-SO1902-0009,0,0
CCCM-SO1902-0010,0,0
CCCM-SO1902-0011,0,0
CCCM-SO1902-0012,0,0
CCCM-SO1902-0013,0,0
CCCM-SO1902-0014,0,0
CCCM-SO1902-0015,0,0
CCCM-SO1902-0016,0,0
CCCM-SO1902-0017,0,0
CCCM-SO1902-0018,0,0
CCCM-SO1902-0019,0,0
CCCM-SO1902-0020,0,0
CCCM-SO1903-0001,0,0
CCCM-SO1903-0002,0,0
CCCM-SO1903-0003,0,0
CCCM-SO1903-0004,0,0
CCCM-SO1903-0005,0,0
CCCM-SO1903-0006,0,0
CCCM-SO2001-0001,0,0
CCCM-SO2001-0002,0,0
CCCM-SO2001-0003,0,0
CCCM-SO2001-0004,0,0
CCCM-SO2001-0005,0,0
CCCM-SO2001-0006,0,0
CCCM-SO2001-0007,0,0
CCCM-SO2001-0008,0,0
CCCM-SO2001-0009,0,0
CCCM-SO2001-0010,0,0
CCCM-SO2001-0011,0,0
CCCM-SO2001-0012,0,0
CCCM-SO2001-0013,0,0
CCCM-SO2001-0014,0,0
CCCM-SO2001-0015,0,0
CCCM-SO2001-0016,0,0
CCCM-SO2001-0017,0,0
CCCM-SO2001-0018,0,0
CCCM-SO2001-0019,0,0
CCCM-SO2001-0020,0,0
CCCM-SO2001-0021,0,0
CCCM-SO2001-0022,0,0
CCCM-SO2001-0023,0,0
CCCM-SO2001-0024,0,0
CCCM-SO2001-0025,0,0
CCCM-SO2001-0026,0,0
CCCM-SO2001-0027,0,0
CCCM-SO2001-0028,0,0
CCCM-SO2001-0029,0,0
CCCM-SO2001-0030,0,0
CCCM-SO2001-0031,0,0
CCCM-SO2001-0032,0,0
CCCM-SO2001-0033,0,0
CCCM-SO2001-0034,0,0
CCCM-SO2001-0035,0,0
CCCM-SO2001-0036,0,0
CCCM-SO2001-0037,0,0
CCCM-SO2001-0038,0,0
CCCM-SO2001-0039,0,0
CCCM-SO2001-0040,0,0
CCCM-SO2001-0041,0,0
CCCM-SO2001-0042,0,0
CCCM-SO2001-0043,0,0
CCCM-SO2001-0044,0,0
CCCM-SO2001-0045,0,0
CCCM-SO2001-0046,0,0
CCCM-SO2001-0047,0,0
CCCM-SO2001-0048,0,0
CCCM-SO2001-0049,0,0
CCCM-SO2001-0050,0,0
CCCM-SO2001-0051,0,0
CCCM-SO2001-0052,0,0
CCCM-SO2001-0053,0,0
CCCM-SO2001-0054,0,0
CCCM-SO2001-0055,0,0
CCCM-SO2001-0056,0,0
CCCM-SO2001-0057,0,0
CCCM-SO2001-0058,0,0
CCCM-SO2001-0059,0,0
CCCM-SO2001-0060,0,0
CCCM-SO2001-0061,0,0
CCCM-SO2001-0062,0,0
CCCM-SO2001-0063,0,0
CCCM-SO2001-0064,0,0
CCCM-SO2001-0065,0,0
CCCM-SO2001-0066,0,0
CCCM-SO2001-0067,0,0
CCCM-SO2001-0068,0,0
CCCM-SO2001-0069,0,0
CCCM-SO2001-0070,0,0
CCCM-SO2001-0071,0,0
CCCM-SO2001-0072,0,0
CCCM-SO2001-0073,0,0
CCCM-SO2001-0074,0,0
CCCM-SO2001-0075,0,0
CCCM-SO2001-0076,0,0
CCCM-SO2001-0077,0,0
CCCM-SO2001-0078,0,0
CCCM-SO2001-0079,0,0
CCCM-SO2001-0080,0,0
CCCM-SO2001-0081,0,0
CCCM-SO2001-0082,0,0
CCCM-SO2001-0083,0,0
CCCM-SO2001-0084,0,0
CCCM-SO2001-0085,0,0
CCCM-SO2001-0086,0,0
CCCM-SO2001-0087,0,0
CCCM-SO2001-0088,0,0
CCCM-SO2101-0001,0,0
CCCM-SO2101-0002,0,0
CCCM-SO2101-0003,0,0
CCCM-SO2101-0004,0,0
CCCM-SO2101-0005,0,0
CCCM-SO2101-0006,0,0
CCCM-SO2101-0007,0,0
CCCM-SO2101-0008,0,0
CCCM-SO2101-0009,0,0
CCCM-SO2101-0010,0,0
CCCM-SO2101-0011,0,0
CCCM-SO2101-0012,0,0
CCCM-SO2103-0001,0,0
CCCM-SO2103-0002,0,0
CCCM-SO220114-0001,0,0
CCCM-SO220114-0002,0,0
CCCM-SO220114-0003,0,0
CCCM-SO220114-0004,0,0
CCCM-SO220114-0005,0,0
CCCM-SO220114-0006,0,0
CCCM-SO220114-0007,0,0
CCCM-SO220114-0008,0,0
CCCM-SO220114-0009,0,0
CCCM-SO220114-0010,0,0
CCCM-SO220114-0011,0,0
CCCM-SO220114-0012,0,0
CCCM-SO220114-0013,0,0
CCCM-SO220114-0014,0,0
CCCM-SO220114-0015,0,0
CCCM-SO220114-0016,0,0
CCCM-SO220114-0017,0,0
CCCM-SO220114-0018,0,0
CCCM-SO220114-0019,0,0
CCCM-SO220114-0020,0,0
CCCM-SO220114-0021,0,0
CCCM-SO220114-0022,0,0
CCCM-SO220114-0023,0,0
CCCM-SO220114-0024,0,0
CCCM-SO220114-0025,0,0
CCCM-SO220114-0026,0,0
CCCM-SO220114-0027,0,0
CCCM-SO220116-0001,0,0
CCCM-SO220116-0002,0,0
CCCM-SO220116-0003,0,0
CCCM-SO220116-0004,0,0
CCCM-SO220116-0005,0,0
CCCM-SO220116-0006,0,0
CCCM-SO220116-0007,0,0
CCCM-SO220116-0008,0,0
CCCM-SO220116-0009,0,0
CCCM-SO220116-0010,0,0
CCCM-SO220116-0011,0,0
CCCM-SO220116-0012,0,0
CCCM-SO220116-0013,0,0
CCCM-SO220116-0014,0,0
CCCM-SO220116-0015,0,0
CCCM-SO220116-0016,0,0
CCCM-SO220116-0017,0,0
CCCM-SO220116-0018,0,0
CCCM-SO220116-0019,0,0
CCCM-SO220116-0020,0,0
CCCM-SO220116-0021,0,0
CCCM-SO220116-0022,0,0
CCCM-SO220116-0023,0,0
CCCM-SO220116-0024,0,0
CCCM-SO220116-0025,0,0
CCCM-SO220116-0026,0,0
CCCM-SO220116-0027,0,0
CCCM-SO220116-0028,0,0
CCCM-SO220116-0029,0,0
CCCM-SO220116-0030,0,0
CCCM-SO220116-0031,0,0
CCCM-SO220116-0032,0,0
CCCM-SO220116-0033,0,0
CCCM-SO220116-0034,0,0
CCCM-SO220116-0035,0,0
CCCM-SO220116-0036,0,0
CCCM-SO220116-0037,0,0
CCCM-SO220116-0038,0,0
CCCM-SO220116-0039,0,0
CCCM-SO220116-0040,0,0
CCCM-SO220116-0041,0,0
CCCM-SO220116-0042,0,0
CCCM-SO220116-0043,0,0
CCCM-SO220116-0044,0,0
CCCM-SO220116-0045,0,0
CCCM-SO220116-0046,0,0
CCCM-SO220116-0047,0,0
CCCM-SO220116-0048,0,0
CCCM-SO220116-0049,0,0
CCCM-SO220116-0050,0,0
CCCM-SO220116-0051,0,0
CCCM-SO220116-0052,0,0
CCCM-SO220116-0053,0,0
CCCM-SO220116-0054,0,0
CCCM-SO220116-0055,0,0
CCCM-SO220116-0056,0,0
CCCM-SO220116-0057,0,0
CCCM-SO220116-0058,0,0
CCCM-SO220116-0059,0,0
CCCM-SO220116-0060,0,0
CCCM-SO220116-0061,0,0
CCCM-SO220116-0062,0,0
CCCM-SO220116-0063,0,0
CCCM-SO220116-0064,0,0
CCCM-SO220116-0065,0,0
CCCM-SO220116-0066,0,0
CCCM-SO220116-0067,0,0
CCCM-SO220116-0068,0,0
CCCM-SO220116-0069,0,0
CCCM-SO220116-0070,0,0
CCCM-SO220116-0071,0,0
CCCM-SO220116-0072,0,0
CCCM-SO220116-0073,0,0
CCCM-SO220116-0074,0,0
CCCM-SO220116-0075,0,0
CCCM-SO220116-0076,0,0
CCCM-SO220116-0077,0,0
CCCM-SO220116-0078,0,0
CCCM-SO220116-0079,0,0
CCCM-SO220116-0080,0,0
CCCM-SO220116-0081,0,0
CCCM-SO220116-0082,0,0
CCCM-SO220116-0083,0,0
CCCM-SO220116-0084,0,0
CCCM-SO220116-0085,0,0
CCCM-SO220116-0086,0,0
CCCM-SO220116-0087,0,0
CCCM-SO220116-0088,0,0
CCCM-SO220116-0089,0,0
CCCM-SO220116-0090,0,0
CCCM-SO220116-0091,0,0
CCCM-SO220116-0092,0,0
CCCM-SO220116-0093,0,0
CCCM-SO220116-0094,0,0
CCCM-SO220116-0095,0,0
CCCM-SO220116-0096,0,0
CCCM-SO220116-0097,0,0
CCCM-SO220116-0098,0,0
CCCM-SO220116-0099,0,0
CCCM-SO220116-0100,0,0
CCCM-SO220116-0101,0,0
CCCM-SO220116-0102,0,0
CCCM-SO220116-0103,0,0
CCCM-SO220116-0104,0,0
CCCM-SO220116-0105,0,0
CCCM-SO220116-0106,0,0
CCCM-SO220116-0107,0,0
CCCM-SO220116-0108,0,0
CCCM-SO220116-0109,0,0
CCCM-SO220116-0110,0,0
CCCM-SO220116-0111,0,0
CCCM-SO220116-0112,0,0
CCCM-SO220116-0113,0,0
CCCM-SO220116-0114,0,0
CCCM-SO220116-0115,0,0
CCCM-SO220116-0116,0,0
CCCM-SO220116-0117,0,0
CCCM-SO220116-0118,0,0
CCCM-SO220116-0119,0,0
CCCM-SO220116-0120,0,0
CCCM-SO220116-0121,0,0
CCCM-SO220116-0122,0,0
CCCM-SO220116-0123,0,0
CCCM-SO220116-0124,0,0
CCCM-SO220116-0125,0,0
CCCM-SO220116-0126,0,0
CCCM-SO220116-0127,0,0
CCCM-SO220116-0128,0,0
CCCM-SO220116-0129,0,0
CCCM-SO220116-0130,0,0
CCCM-SO220116-0131,0,0
CCCM-SO220116-0132,0,0
CCCM-SO220116-0133,0,0
CCCM-SO220116-0134,0,0
CCCM-SO220116-0135,0,0
CCCM-SO220116-0136,0,0
CCCM-SO220116-0137,0,0
CCCM-SO220116-0138,0,0
CCCM-SO220116-0139,0,0
CCCM-SO220116-0140,0,0
CCCM-SO220116-0141,0,0
CCCM-SO220116-0142,0,0
CCCM-SO220116-0143,0,0
CCCM-SO220116-0144,0,0
CCCM-SO220116-0145,0,0
CCCM-SO220116-0146,0,0
CCCM-SO220116-0147,0,0
CCCM-SO220116-0148,0,0
CCCM-SO220116-0149,0,0
CCCM-SO220116-0150,0,0
CCCM-SO220116-0151,0,0
CCCM-SO220116-0152,0,0
CCCM-SO220116-0153,0,0
CCCM-SO220116-0154,0,0
CCCM-SO220116-0155,0,0
CCCM-SO220116-0156,0,0
CCCM-SO220116-0157,0,0
CCCM-SO220116-0158,0,0
CCCM-SO220116-0159,0,0
CCCM-SO220116-0160,0,0
CCCM-SO220116-0161,0,0
CCCM-SO220116-0162,0,0
CCCM-SO220116-0163,0,0
CCCM-SO220116-0164,0,0
CCCM-SO220116-0165,0,0
CCCM-SO220116-0166,0,0
CCCM-SO220116-0167,0,0
CCCM-SO220116-0168,0,0
CCCM-SO220116-0169,0,0
CCCM-SO220116-0170,0,0
CCCM-SO220116-0171,0,0
CCCM-SO220116-0172,0,0
CCCM-SO220116-0173,0,0
CCCM-SO220116-0174,0,0
CCCM-SO220116-0175,0,0
CCCM-SO220116-0176,0,0
CCCM-SO220116-0177,0,0
CCCM-SO220116-0178,0,0
CCCM-SO220116-0179,0,0
CCCM-SO220116-0180,0,0
CCCM-SO220116-0181,0,0
CCCM-SO220116-0182,0,0
CCCM-SO220116-0183,0,0
CCCM-SO220116-0184,0,0
CCCM-SO220116-0185,0,0
CCCM-SO220116-0186,0,0
CCCM-SO220116-0187,0,0
CCCM-SO220116-0188,0,0
CCCM-SO220116-0189,0,0
CCCM-SO220116-0190,0,0
CCCM-SO220116-0191,0,0
CCCM-SO220116-0192,0,0
CCCM-SO220116-0193,0,0
CCCM-SO220116-0194,0,0
CCCM-SO220116-0195,0,0
CCCM-SO220116-0196,0,0
CCCM-SO220116-0197,0,0
CCCM-SO220116-0198,0,0
CCCM-SO220116-0199,0,0
CCCM-SO220116-0200,0,0
CCCM-SO220116-0201,0,0
CCCM-SO220116-0202,0,0
CCCM-SO220116-0203,0,0
CCCM-SO220116-0204,0,0
CCCM-SO220116-0205,0,0
CCCM-SO220116-0206,0,0
CCCM-SO220116-0207,0,0
CCCM-SO220116-0208,0,0
CCCM-SO220116-0209,0,0
CCCM-SO220116-0210,0,0
CCCM-SO220116-0211,0,0
CCCM-SO220116-0212,0,0
CCCM-SO220116-0213,0,0
CCCM-SO220116-0214,0,0
CCCM-SO220116-0215,0,0
CCCM-SO220116-0216,0,0
CCCM-SO220116-0217,0,0
CCCM-SO220116-0218,0,0
CCCM-SO220116-0219,0,0
CCCM-SO220116-0220,0,0
CCCM-SO220116-0221,0,0
CCCM-SO220116-0222,0,0
CCCM-SO220116-0223,0,0
CCCM-SO220116-0224,0,0
CCCM-SO220116-0225,0,0
CCCM-SO220116-0226,0,0
CCCM-SO220116-0227,0,0
CCCM-SO220116-0228,0,0
CCCM-SO220116-0229,0,0
CCCM-SO220116-0230,0,0
CCCM-SO220116-0231,0,0
CCCM-SO220116-0232,0,0
CCCM-SO220116-0233,0,0
CCCM-SO220116-0234,0,0
CCCM-SO220116-0235,0,0
CCCM-SO220116-0236,0,0
CCCM-SO220116-0237,0,0
CCCM-SO220116-0238,0,0
CCCM-SO220116-0239,0,0
CCCM-SO220116-0240,0,0
CCCM-SO220116-0241,0,0
CCCM-SO220116-0242,0,0
CCCM-SO220116-0243,0,0
CCCM-SO220116-0244,0,0
CCCM-SO220116-0245,0,0
CCCM-SO220116-0246,0,0
CCCM-SO220116-0247,0,0
CCCM-SO220116-0248,0,0
CCCM-SO220116-0249,0,0
CCCM-SO220116-0250,0,0
CCCM-SO220116-0251,0,0
CCCM-SO220116-0252,0,0
CCCM-SO220116-0253,0,0
CCCM-SO220116-0254,0,0
CCCM-SO220116-0255,0,0
CCCM-SO220116-0256,0,0
CCCM-SO220116-0257,0,0
CCCM-SO220116-0258,0,0
CCCM-SO220116-0259,0,0
CCCM-SO220116-0260,0,0
CCCM-SO220116-0261,0,0
CCCM-SO220116-0262,0,0
CCCM-SO220116-0263,0,0
CCCM-SO220116-0264,0,0
CCCM-SO220116-0265,0,0
CCCM-SO220116-0266,0,0
CCCM-SO220116-0267,0,0
CCCM-SO220116-0268,0,0
CCCM-SO220116-0269,0,0
CCCM-SO220116-0270,0,0
CCCM-SO220116-0271,0,0
CCCM-SO220116-0272,0,0
CCCM-SO220116-0273,0,0
CCCM-SO220116-0274,0,0
CCCM-SO220116-0275,0,0
CCCM-SO220116-0276,0,0
CCCM-SO220116-0277,0,0
CCCM-SO220116-0278,0,0
CCCM-SO220116-0279,0,0
CCCM-SO220116-0280,0,0
CCCM-SO220116-0281,0,0
CCCM-SO220116-0282,0,0
CCCM-SO220116-0283,0,0
CCCM-SO220116-0284,0,0
CCCM-SO220116-0285,0,0
CCCM-SO220116-0286,0,0
CCCM-SO220116-0287,0,0
CCCM-SO220116-0288,0,0
CCCM-SO220116-0289,0,0
CCCM-SO220116-0290,0,0
CCCM-SO220116-0291,0,0
CCCM-SO220116-0292,0,0
CCCM-SO220116-0293,0,0
CCCM-SO220116-0294,0,0
CCCM-SO220116-0295,0,0
CCCM-SO220116-0296,0,0
CCCM-SO220116-0297,0,0
CCCM-SO220116-0298,0,0
CCCM-SO220116-0299,0,0
CCCM-SO220116-0300,0,0
CCCM-SO220116-0301,0,0
CCCM-SO220116-0302,0,0
CCCM-SO220116-0303,0,0
CCCM-SO220116-0304,0,0
CCCM-SO220116-0305,0,0
CCCM-SO220116-0306,0,0
CCCM-SO220116-0307,0,0
CCCM-SO220116-0308,0,0
CCCM-SO220116-0309,0,0
CCCM-SO220116-0310,0,0
CCCM-SO220116-0311,0,0
CCCM-SO220116-0312,0,0
CCCM-SO220116-0313,0,0
CCCM-SO220116-0314,0,0
CCCM-SO220116-0315,0,0
CCCM-SO220116-0316,0,0
CCCM-SO220116-0317,0,0
CCCM-SO220116-0318,0,0
CCCM-SO220116-0319,0,0
CCCM-SO220116-0320,0,0
CCCM-SO220116-0321,0,0
CCCM-SO220116-0322,0,0
CCCM-SO220116-0323,0,0
CCCM-SO220116-0324,0,0
CCCM-SO220116-0325,0,0
CCCM-SO220116-0326,0,0
CCCM-SO220116-0327,0,0
CCCM-SO220116-0328,0,0
CCCM-SO220116-0329,0,0
CCCM-SO220116-0330,0,0
CCCM-SO220116-0331,0,0
CCCM-SO220116-0332,0,0
CCCM-SO220116-0333,0,0
CCCM-SO220116-0334,0,0
CCCM-SO220116-0335,0,0
CCCM-SO220116-0336,0,0
CCCM-SO220116-0337,0,0
CCCM-SO220116-0338,0,0
CCCM-SO220116-0339,0,0
CCCM-SO220116-0340,0,0
CCCM-SO220116-0341,0,0
CCCM-SO220116-0342,0,0
CCCM-SO220116-0343,0,0
CCCM-SO220116-0344,0,0
CCCM-SO220116-0345,0,0
CCCM-SO220116-0346,0,0
CCCM-SO220116-0347,0,0
CCCM-SO220116-0348,0,0
CCCM-SO220116-0349,0,0
CCCM-SO220116-0350,0,0
CCCM-SO220116-0351,0,0
CCCM-SO220116-0352,0,0
CCCM-SO220116-0353,0,0
CCCM-SO220116-0354,0,0
CCCM-SO220116-0355,0,0
CCCM-SO220116-0356,0,0
CCCM-SO220116-0357,0,0
CCCM-SO220116-0358,0,0
CCCM-SO220116-0359,0,0
CCCM-SO220116-0360,0,0
CCCM-SO220116-0361,0,0
CCCM-SO220116-0362,0,0
CCCM-SO220116-0363,0,0
CCCM-SO220116-0364,0,0
CCCM-SO220116-0365,0,0
CCCM-SO220116-0366,0,0
CCCM-SO220116-0367,0,0
CCCM-SO220116-0368,0,0
CCCM-SO220116-0369,0,0
CCCM-SO220116-0370,0,0
CCCM-SO220116-0371,0,0
CCCM-SO220116-0372,0,0
CCCM-SO220116-0373,0,0
CCCM-SO220116-0374,0,0
CCCM-SO220116-0375,0,0
CCCM-SO220116-0376,0,0
CCCM-SO220116-0377,0,0
CCCM-SO220116-0378,0,0
CCCM-SO220116-0379,0,0
CCCM-SO220116-0380,0,0
CCCM-SO220116-0381,0,0
CCCM-SO220116-0382,0,0
CCCM-SO220116-0383,0,0
CCCM-SO220116-0384,0,0
CCCM-SO220116-0385,0,0
CCCM-SO220116-0386,0,0
CCCM-SO220116-0387,0,0
CCCM-SO220116-0388,0,0
CCCM-SO220116-0389,0,0
CCCM-SO220116-0390,0,0
CCCM-SO220116-0391,0,0
CCCM-SO220116-0392,0,0
CCCM-SO220116-0393,0,0
CCCM-SO220116-0394,0,0
CCCM-SO220116-0395,0,0
CCCM-SO220116-0396,0,0
CCCM-SO220116-0397,0,0
CCCM-SO220116-0398,0,0
CCCM-SO220116-0399,0,0
CCCM-SO220116-0400,0,0
CCCM-SO220116-0401,0,0
CCCM-SO220116-0402,0,0
CCCM-SO220116-0403,0,0
CCCM-SO220116-0404,0,0
CCCM-SO220116-0405,0,0
CCCM-SO220116-0406,0,0
CCCM-SO220116-0407,0,0
CCCM-SO220116-0408,0,0
CCCM-SO220116-0409,0,0
CCCM-SO220116-0410,0,0
CCCM-SO220116-0411,0,0
CCCM-SO220116-0412,0,0
CCCM-SO220116-0413,0,0
CCCM-SO220116-0414,0,0
CCCM-SO220116-0415,0,0
CCCM-SO220116-0416,0,0
CCCM-SO220116-0417,0,0
CCCM-SO220116-0418,0,0
CCCM-SO220116-0419,0,0
CCCM-SO220116-0420,0,0
CCCM-SO220116-0421,0,0
CCCM-SO220116-0422,0,0
CCCM-SO220116-0423,0,0
CCCM-SO220116-0424,0,0
CCCM-SO220116-0425,0,0
CCCM-SO220116-0426,0,0
CCCM-SO220116-0427,0,0
CCCM-SO220116-0428,0,0
CCCM-SO220116-0429,0,0
CCCM-SO220116-0430,0,0
CCCM-SO220116-0431,0,0
CCCM-SO220116-0432,0,0
CCCM-SO220116-0433,0,0
CCCM-SO220116-0434,0,0
CCCM-SO220116-0435,0,0
CCCM-SO220116-0436,0,0
CCCM-SO220116-0437,0,0
CCCM-SO220116-0438,0,0
CCCM-SO220116-0439,0,0
CCCM-SO220116-0440,0,0
CCCM-SO220116-0441,0,0
CCCM-SO220116-0442,0,0
CCCM-SO220116-0443,0,0
CCCM-SO220116-0444,0,0
CCCM-SO220116-0445,0,0
CCCM-SO220116-0446,0,0
CCCM-SO220116-0447,0,0
CCCM-SO220116-0448,0,0
CCCM-SO220116-0449,0,0
CCCM-SO220116-0450,0,0
CCCM-SO220116-0451,0,0
CCCM-SO220116-0452,0,0
CCCM-SO220116-0453,0,0
CCCM-SO220116-0454,0,0
CCCM-SO220116-0455,0,0
CCCM-SO220116-0456,0,0
CCCM-SO220116-0457,0,0
CCCM-SO220116-0458,0,0
CCCM-SO220116-0459,0,0
CCCM-SO220116-0460,0,0
CCCM-SO220116-0461,0,0
CCCM-SO220116-0462,0,0
CCCM-SO220116-0463,0,0
CCCM-SO220116-0464,0,0
CCCM-SO220116-0465,0,0
CCCM-SO220116-0466,0,0
CCCM-SO220116-0467,0,0
CCCM-SO220116-0468,0,0
CCCM-SO220116-0469,0,0
CCCM-SO220116-0470,0,0
CCCM-SO220116-0471,0,0
CCCM-SO220116-0472,0,0
CCCM-SO220116-0473,0,0
CCCM-SO220116-0474,0,0
CCCM-SO220116-0475,0,0
CCCM-SO220116-0476,0,0
CCCM-SO220116-0477,0,0
CCCM-SO220116-0478,0,0
CCCM-SO220116-0479,0,0
CCCM-SO220116-0480,0,0
CCCM-SO220116-0481,0,0
CCCM-SO220116-0482,0,0
CCCM-SO220116-0483,0,0
CCCM-SO220116-0484,0,0
CCCM-SO220116-0485,0,0
CCCM-SO220116-0486,0,0
CCCM-SO220116-0487,0,0
CCCM-SO220116-0488,0,0
CCCM-SO220116-0489,0,0
CCCM-SO220116-0490,0,0
CCCM-SO220116-0491,0,0
CCCM-SO220116-0492,0,0
CCCM-SO220116-0493,0,0
CCCM-SO220116-0494,0,0
CCCM-SO220116-0495,0,0
CCCM-SO220116-0496,0,0
CCCM-SO220116-0497,0,0
CCCM-SO220116-0498,0,0
CCCM-SO220116-0499,0,0
CCCM-SO220116-0500,0,0
CCCM-SO220116-0501,0,0
CCCM-SO220116-0502,0,0
CCCM-SO220116-0503,0,0
CCCM-SO220116-0504,0,0
CCCM-SO220116-0505,0,0
CCCM-SO220116-0506,0,0
CCCM-SO220116-0507,0,0
CCCM-SO220116-0508,0,0
CCCM-SO220116-0509,0,0
CCCM-SO220116-0510,0,0
CCCM-SO220116-0511,0,0
CCCM-SO220116-0512,0,0
CCCM-SO220116-0513,0,0
CCCM-SO220116-0514,0,0
CCCM-SO220116-0515,0,0
CCCM-SO220116-0516,0,0
CCCM-SO220116-0517,0,0
CCCM-SO220116-0518,0,0
CCCM-SO220116-0519,0,0
CCCM-SO220116-0520,0,0
CCCM-SO220116-0521,0,0
CCCM-SO220116-0522,0,0
CCCM-SO220116-0523,0,0
CCCM-SO220116-0524,0,0
CCCM-SO220116-0525,0,0
CCCM-SO220116-0526,0,0
CCCM-SO220116-0527,0,0
CCCM-SO220116-0528,0,0
CCCM-SO220116-0529,0,0
CCCM-SO220116-0530,0,0
CCCM-SO220116-0531,0,0
CCCM-SO220116-0532,0,0
CCCM-SO220116-0533,0,0
CCCM-SO220116-0534,0,0
CCCM-SO220116-0535,0,0
CCCM-SO220116-0536,0,0
CCCM-SO220116-0537,0,0
CCCM-SO220116-0538,0,0
CCCM-SO220116-0539,0,0
CCCM-SO220116-0540,0,0
CCCM-SO220116-0541,0,0
CCCM-SO220116-0542,0,0
CCCM-SO220116-0543,0,0
CCCM-SO220116-0544,0,0
CCCM-SO220116-0545,0,0
CCCM-SO220116-0546,0,0
CCCM-SO220116-0547,0,0
CCCM-SO220116-0548,0,0
CCCM-SO220116-0549,0,0
CCCM-SO220116-0550,0,0
CCCM-SO220116-0551,0,0
CCCM-SO220116-0552,0,0
CCCM-SO220116-0553,0,0
CCCM-SO220116-0554,0,0
CCCM-SO220116-0555,0,0
CCCM-SO220116-0556,0,0
CCCM-SO220116-0557,0,0
CCCM-SO220116-0558,0,0
CCCM-SO220116-0559,0,0
CCCM-SO220116-0560,0,0
CCCM-SO220116-0561,0,0
CCCM-SO220116-0562,0,0
CCCM-SO220116-0563,0,0
CCCM-SO220116-0564,0,0
CCCM-SO220116-0565,0,0
CCCM-SO220116-0566,0,0
CCCM-SO220116-0567,0,0
CCCM-SO220116-0568,0,0
CCCM-SO220116-0569,0,0
CCCM-SO220116-0570,0,0
CCCM-SO220116-0571,0,0
CCCM-SO220116-0572,0,0
CCCM-SO220116-0573,0,0
CCCM-SO220116-0574,0,0
CCCM-SO220116-0575,0,0
CCCM-SO220116-0576,0,0
CCCM-SO220116-0577,0,0
CCCM-SO220116-0578,0,0
CCCM-SO220116-0579,0,0
CCCM-SO220116-0580,0,0
CCCM-SO220116-0581,0,0
CCCM-SO220116-0582,0,0
CCCM-SO220116-0583,0,0
CCCM-SO220116-0585,0,0
CCCM-SO220116-0586,0,0
CCCM-SO220116-0587,0,0
CCCM-SO220116-0588,0,0
CCCM-SO220116-0589,0,0
CCCM-SO220116-0590,0,0
CCCM-SO220116-0591,0,0
CCCM-SO220116-0592,0,0
CCCM-SO220116-0593,0,0
CCCM-SO220116-0594,0,0
CCCM-SO220116-0595,0,0
CCCM-SO220116-0596,0,0
CCCM-SO220116-0597,0,0
CCCM-SO220116-0598,0,0
CCCM-SO220116-0599,0,0
CCCM-SO220116-0600,0,0
CCCM-SO220116-0601,0,0
CCCM-SO220116-0602,0,0
CCCM-SO220116-0603,0,0
CCCM-SO220116-0604,0,0
CCCM-SO220116-0605,0,0
CCCM-SO220116-0606,0,0
CCCM-SO220116-0607,0,0
CCCM-SO220116-0608,0,0
CCCM-SO220116-0609,0,0
CCCM-SO220116-0610,0,0
CCCM-SO220116-0611,0,0
CCCM-SO220116-0612,0,0
CCCM-SO220116-0613,0,0
CCCM-SO220116-0614,0,0
CCCM-SO220116-0615,0,0
CCCM-SO220116-0616,0,0
CCCM-SO220116-0617,0,0
CCCM-SO220116-0618,0,0
CCCM-SO220116-0619,0,0
CCCM-SO220116-0620,0,0
CCCM-SO220116-0621,0,0
CCCM-SO220116-0622,0,0
CCCM-SO220116-0623,0,0
CCCM-SO220116-0624,0,0
CCCM-SO220116-0625,0,0
CCCM-SO220116-0626,0,0
CCCM-SO220116-0627,0,0
CCCM-SO220116-0628,0,0
CCCM-SO220116-0629,0,0
CCCM-SO220116-0630,0,0
CCCM-SO220116-0631,0,0
CCCM-SO220116-0632,0,0
CCCM-SO220116-0633,0,0
CCCM-SO220116-0634,0,0
CCCM-SO220116-0635,0,0
CCCM-SO220116-0636,0,0
CCCM-SO220116-0637,0,0
CCCM-SO220116-0638,0,0
CCCM-SO220116-0639,0,0
CCCM-SO220116-0640,0,0
CCCM-SO220116-0641,0,0
CCCM-SO220116-0642,0,0
CCCM-SO220116-0643,0,0
CCCM-SO220116-0644,0,0
CCCM-SO220116-0645,0,0
CCCM-SO220116-0646,0,0
CCCM-SO220116-0647,0,0
CCCM-SO220116-0648,0,0
CCCM-SO220116-0649,0,0
CCCM-SO220116-0650,0,0
CCCM-SO220116-0651,0,0
CCCM-SO220116-0652,0,0
CCCM-SO220116-0653,0,0
CCCM-SO220116-0654,0,0
CCCM-SO220116-0655,0,0
CCCM-SO220116-0656,0,0
CCCM-SO220116-0657,0,0
CCCM-SO220116-0658,0,0
CCCM-SO220116-0659,0,0
CCCM-SO220116-0660,0,0
CCCM-SO220116-0661,0,0
CCCM-SO220116-0662,0,0
CCCM-SO220116-0663,0,0
CCCM-SO220116-0664,0,0
CCCM-SO220116-0665,0,0
CCCM-SO220116-0666,0,0
CCCM-SO220116-0667,0,0
CCCM-SO220116-0668,0,0
CCCM-SO220116-0669,0,0
CCCM-SO220116-0670,0,0
CCCM-SO220116-0671,0,0
CCCM-SO220116-0672,0,0
CCCM-SO220116-0673,0,0
CCCM-SO220116-0674,0,0
CCCM-SO220116-0675,0,0
CCCM-SO220116-0676,0,0
CCCM-SO220116-0677,0,0
CCCM-SO220116-0678,0,0
CCCM-SO220116-0679,0,0
CCCM-SO220116-0680,0,0
CCCM-SO220116-0681,0,0
CCCM-SO220116-0682,0,0
CCCM-SO220116-0683,0,0
CCCM-SO220116-0684,0,0
CCCM-SO220116-0685,0,0
CCCM-SO220116-0686,0,0
CCCM-SO220116-0687,0,0
CCCM-SO220116-0688,0,0
CCCM-SO220116-0689,0,0
CCCM-SO220116-0690,0,0
CCCM-SO220116-0691,0,0
CCCM-SO220116-0692,0,0
CCCM-SO220116-0693,0,0
CCCM-SO220116-0694,0,0
CCCM-SO220116-0695,0,0
CCCM-SO220116-0696,0,0
CCCM-SO220116-0697,0,0
CCCM-SO220116-0698,0,0
CCCM-SO220116-0699,0,0
CCCM-SO220116-0700,0,0
CCCM-SO220116-0701,0,0
CCCM-SO220116-0702,0,0
CCCM-SO220116-0703,0,0
CCCM-SO220116-0704,0,0
CCCM-SO220116-0705,0,0
CCCM-SO220116-0706,0,0
CCCM-SO220116-0707,0,0
CCCM-SO220116-0708,0,0
CCCM-SO220116-0709,0,0
CCCM-SO220116-0710,0,0
CCCM-SO220116-0711,0,0
CCCM-SO220116-0712,0,0
CCCM-SO220116-0713,0,0
CCCM-SO220116-0714,0,0
CCCM-SO220116-0715,0,0
CCCM-SO220116-0716,0,0
CCCM-SO220116-0717,0,0
CCCM-SO220116-0718,0,0
CCCM-SO220116-0719,0,0
CCCM-SO220116-0720,0,0
CCCM-SO220116-0721,0,0
CCCM-SO220116-0722,0,0
CCCM-SO220116-0723,0,0
CCCM-SO220116-0724,0,0
CCCM-SO220116-0725,0,0
CCCM-SO220116-0726,0,0
CCCM-SO220116-0727,0,0
CCCM-SO220116-0728,0,0
CCCM-SO220116-0729,0,0
CCCM-SO220116-0730,0,0
CCCM-SO220116-0731,0,0
CCCM-SO220116-0732,0,0
CCCM-SO220116-0733,0,0
CCCM-SO220116-0734,0,0
CCCM-SO220116-0735,0,0
CCCM-SO220116-0736,0,0
CCCM-SO220116-0737,0,0
CCCM-SO220116-0738,0,0
CCCM-SO220116-0739,0,0
CCCM-SO220116-0740,0,0
CCCM-SO220116-0741,0,0
CCCM-SO220116-0742,0,0
CCCM-SO220116-0743,0,0
CCCM-SO220116-0744,0,0
CCCM-SO220116-0745,0,0
CCCM-SO220116-0746,0,0
CCCM-SO220116-0747,0,0
CCCM-SO220116-0748,0,0
CCCM-SO220116-0749,0,0
CCCM-SO220116-0750,0,0
CCCM-SO220116-0751,0,0
CCCM-SO220116-0752,0,0
CCCM-SO220116-0753,0,0
CCCM-SO220116-0754,0,0
CCCM-SO220116-0755,0,0
CCCM-SO220116-0756,0,0
CCCM-SO220116-0757,0,0
CCCM-SO220116-0758,0,0
CCCM-SO220116-0759,0,0
CCCM-SO220116-0760,0,0
CCCM-SO220116-0761,0,0
CCCM-SO220116-0762,0,0
CCCM-SO220116-0763,0,0
CCCM-SO220116-0764,0,0
CCCM-SO220116-0765,0,0
CCCM-SO220116-0766,0,0
CCCM-SO220116-0767,0,0
CCCM-SO220116-0768,0,0
CCCM-SO220116-0769,0,0
CCCM-SO220116-0770,0,0
CCCM-SO220116-0771,0,0
CCCM-SO220116-0772,0,0
CCCM-SO220116-0773,0,0
CCCM-SO220116-0774,0,0
CCCM-SO220116-0775,0,0
CCCM-SO220116-0776,0,0
CCCM-SO220116-0777,0,0
CCCM-SO220116-0778,0,0
CCCM-SO220116-0779,0,0
CCCM-SO220116-0780,0,0
CCCM-SO220116-0781,0,0
CCCM-SO220116-0782,0,0
CCCM-SO220116-0783,0,0
CCCM-SO220116-0784,0,0
CCCM-SO220116-0785,0,0
CCCM-SO220116-0786,0,0
CCCM-SO220116-0787,0,0
CCCM-SO220116-0788,0,0
CCCM-SO220116-0789,0,0
CCCM-SO220116-0790,0,0
CCCM-SO220116-0791,0,0
CCCM-SO220116-0792,0,0
CCCM-SO220116-0793,0,0
CCCM-SO220116-0794,0,0
CCCM-SO220116-0795,0,0
CCCM-SO220116-0796,0,0
CCCM-SO220116-0797,0,0
CCCM-SO220116-0798,0,0
CCCM-SO220116-0799,0,0
CCCM-SO220116-0800,0,0
CCCM-SO220116-0801,0,0
CCCM-SO220116-0802,0,0
CCCM-SO220116-0803,0,0
CCCM-SO220116-0804,0,0
CCCM-SO220116-0805,0,0
CCCM-SO220116-0806,0,0
CCCM-SO220116-0807,0,0
CCCM-SO220116-0808,0,0
CCCM-SO220116-0809,0,0
CCCM-SO220116-0810,0,0
CCCM-SO220116-0811,0,0
CCCM-SO220116-0812,0,0
CCCM-SO220116-0813,0,0
CCCM-SO220116-0814,0,0
CCCM-SO220116-0815,0,0
CCCM-SO220116-0816,0,0
CCCM-SO220116-0817,0,0
CCCM-SO220116-0818,0,0
CCCM-SO220116-0819,0,0
CCCM-SO220116-0820,0,0
CCCM-SO220116-0821,0,0
CCCM-SO220116-0822,0,0
CCCM-SO220116-0823,0,0
CCCM-SO220116-0824,0,0
CCCM-SO220116-0825,0,0
CCCM-SO220116-0826,0,0
CCCM-SO220116-0827,0,0
CCCM-SO220116-0828,0,0
CCCM-SO220116-0829,0,0
CCCM-SO220116-0830,0,0
CCCM-SO220116-0831,0,0
CCCM-SO220116-0832,0,0
CCCM-SO220116-0833,0,0
CCCM-SO220116-0834,0,0
CCCM-SO220116-0835,0,0
CCCM-SO220116-0836,0,0
CCCM-SO220116-0837,0,0
CCCM-SO220116-0838,0,0
CCCM-SO220116-0839,0,0
CCCM-SO220116-0840,0,0
CCCM-SO220116-0841,0,0
CCCM-SO220116-0842,0,0
CCCM-SO220116-0843,0,0
CCCM-SO220116-0844,0,0
CCCM-SO220116-0845,0,0
CCCM-SO220116-0846,0,0
CCCM-SO220116-0847,0,0
CCCM-SO220116-0848,0,0
CCCM-SO220116-0849,0,0
CCCM-SO220116-0850,0,0
CCCM-SO220116-0851,0,0
CCCM-SO220116-0852,0,0
CCCM-SO220116-0853,0,0
CCCM-SO220116-0854,0,0
CCCM-SO220116-0855,0,0
CCCM-SO220116-0856,0,0
CCCM-SO220116-0857,0,0
CCCM-SO220116-0858,0,0
CCCM-SO220116-0859,0,0
CCCM-SO220117-0001,0,0
CCCM-SO220117-0002,0,0
CCCM-SO220117-0003,0,0
CCCM-SO220117-0004,0,0
CCCM-SO220117-0005,0,0
CCCM-SO220117-0006,0,0
CCCM-SO220117-0007,0,0
CCCM-SO220117-0008,0,0
CCCM-SO220117-0009,0,0
CCCM-SO220117-0010,0,0
CCCM-SO220117-0011,0,0
CCCM-SO220117-0012,0,0
CCCM-SO220117-0013,0,0
CCCM-SO220117-0014,0,0
CCCM-SO220117-0015,0,0
CCCM-SO220117-0016,0,0
CCCM-SO220117-0017,0,0
CCCM-SO220117-0018,0,0
CCCM-SO220117-0019,0,0
CCCM-SO220117-0020,0,0
CCCM-SO220117-0021,0,0
CCCM-SO220117-0022,0,0
CCCM-SO220117-0023,0,0
CCCM-SO220117-0024,0,0
CCCM-SO220117-0025,0,0
CCCM-SO220117-0026,0,0
CCCM-SO220117-0027,0,0
CCCM-SO220117-0028,0,0
CCCM-SO220117-0029,0,0
CCCM-SO220117-0030,0,0
CCCM-SO220117-0031,0,0
CCCM-SO220117-0032,0,0
CCCM-SO220117-0033,0,0
CCCM-SO220117-0034,0,0
CCCM-SO220117-0035,0,0
CCCM-SO220117-0036,0,0
CCCM-SO220117-0037,0,0
CCCM-SO220117-0038,0,0
CCCM-SO220117-0039,0,0
CCCM-SO220117-0040,0,0
CCCM-SO220117-0041,0,0
CCCM-SO220117-0042,0,0
CCCM-SO220117-0043,0,0
CCCM-SO220117-0044,0,0
CCCM-SO220117-0045,0,0
CCCM-SO220117-0046,0,0
CCCM-SO220117-0047,0,0
CCCM-SO220117-0048,0,0
CCCM-SO220117-0049,0,0
CCCM-SO220117-0050,0,0
CCCM-SO220117-0051,0,0
CCCM-SO220117-0052,0,0
CCCM-SO220117-0053,0,0
CCCM-SO220117-0054,0,0
CCCM-SO220117-0055,0,0
CCCM-SO220117-0056,0,0
CCCM-SO220117-0057,0,0
CCCM-SO220117-0058,0,0
CCCM-SO220117-0059,0,0
CCCM-SO220117-0060,0,0
CCCM-SO220117-0061,0,0
CCCM-SO220117-0062,0,0
CCCM-SO220117-0063,0,0
CCCM-SO220117-0064,0,0
CCCM-SO220117-0065,0,0
CCCM-SO220117-0066,0,0
CCCM-SO220117-0067,0,0
CCCM-SO220117-0068,0,0
CCCM-SO220117-0069,0,0
CCCM-SO220117-0070,0,0
CCCM-SO220117-0071,0,0
CCCM-SO220117-0072,0,0
CCCM-SO220117-0073,0,0
CCCM-SO220117-0074,0,0
CCCM-SO220117-0075,0,0
CCCM-SO220117-0076,0,0
CCCM-SO220117-0077,0,0
CCCM-SO220117-0078,0,0
CCCM-SO220117-0079,0,0
CCCM-SO220117-0080,0,0
CCCM-SO220117-0081,0,0
CCCM-SO220117-0082,0,0
CCCM-SO220117-0083,0,0
CCCM-SO220117-0084,0,0
CCCM-SO220117-0085,0,0
CCCM-SO220117-0086,0,0
CCCM-SO220117-0087,0,0
CCCM-SO220117-0088,0,0
CCCM-SO220117-0089,0,0
CCCM-SO220117-0090,0,0
CCCM-SO220117-0091,0,0
CCCM-SO220117-0092,0,0
CCCM-SO220117-0093,0,0
CCCM-SO220117-0094,0,0
CCCM-SO220117-0095,0,0
CCCM-SO220117-0096,0,0
CCCM-SO220117-0097,0,0
CCCM-SO220117-0098,0,0
CCCM-SO220117-0099,0,0
CCCM-SO220117-0100,0,0
CCCM-SO220117-0101,0,0
CCCM-SO220117-0102,0,0
CCCM-SO220117-0103,0,0
CCCM-SO220117-0104,0,0
CCCM-SO220117-0105,0,0
CCCM-SO220117-0106,0,0
CCCM-SO220117-0107,0,0
CCCM-SO220117-0108,0,0
CCCM-SO220117-0109,0,0
CCCM-SO220117-0110,0,0
CCCM-SO220117-0111,0,0
CCCM-SO220117-0112,0,0
CCCM-SO220117-0113,0,0
CCCM-SO220117-0114,0,0
CCCM-SO220117-0115,0,0
CCCM-SO220117-0116,0,0
CCCM-SO220117-0117,0,0
CCCM-SO220117-0118,0,0
CCCM-SO220117-0119,0,0
CCCM-SO220117-0120,0,0
CCCM-SO220117-0121,0,0
CCCM-SO220117-0122,0,0
CCCM-SO220117-0123,0,0
CCCM-SO220117-0124,0,0
CCCM-SO220117-0125,0,0
CCCM-SO220117-0126,0,0
CCCM-SO220117-0127,0,0
CCCM-SO220117-0128,0,0
CCCM-SO220117-0129,0,0
CCCM-SO220117-0130,0,0
CCCM-SO220117-0131,0,0
CCCM-SO220117-0132,0,0
CCCM-SO220117-0133,0,0
CCCM-SO220117-0134,0,0
CCCM-SO220117-0135,0,0
CCCM-SO220117-0136,0,0
CCCM-SO220117-0137,0,0
CCCM-SO220117-0138,0,0
CCCM-SO220117-0139,0,0
CCCM-SO220117-0140,0,0
CCCM-SO220117-0141,0,0
CCCM-SO220117-0142,0,0
CCCM-SO220117-0143,0,0
CCCM-SO220117-0144,0,0
CCCM-SO220117-0145,0,0
CCCM-SO220117-0146,0,0
CCCM-SO220117-0147,0,0
CCCM-SO220117-0148,0,0
CCCM-SO220117-0149,0,0
CCCM-SO220117-0150,0,0
CCCM-SO220117-0151,0,0
CCCM-SO220117-0152,0,0
CCCM-SO220117-0153,0,0
CCCM-SO220117-0154,0,0
CCCM-SO220117-0155,0,0
CCCM-SO220117-0156,0,0
CCCM-SO220117-0157,0,0
CCCM-SO220117-0158,0,0
CCCM-SO220117-0159,0,0
CCCM-SO220117-0160,0,0
CCCM-SO220117-0161,0,0
CCCM-SO220117-0162,0,0
CCCM-SO220117-0163,0,0
CCCM-SO220117-0164,0,0
CCCM-SO220117-0165,0,0
CCCM-SO220117-0166,0,0
CCCM-SO220117-0167,0,0
CCCM-SO220117-0168,0,0
CCCM-SO220117-0169,0,0
CCCM-SO220117-0170,0,0
CCCM-SO220117-0171,0,0
CCCM-SO220117-0172,0,0
CCCM-SO220117-0173,0,0
CCCM-SO220117-0174,0,0
CCCM-SO220117-0175,0,0
CCCM-SO220117-0176,0,0
CCCM-SO220117-0177,0,0
CCCM-SO220117-0178,0,0
CCCM-SO220117-0179,0,0
CCCM-SO220117-0180,0,0
CCCM-SO220117-0181,0,0
CCCM-SO220117-0182,0,0
CCCM-SO220117-0183,0,0
CCCM-SO220117-0184,0,0
CCCM-SO220117-0185,0,0
CCCM-SO220117-0186,0,0
CCCM-SO220117-0187,0,0
CCCM-SO220117-0188,0,0
CCCM-SO220117-0189,0,0
CCCM-SO220117-0190,0,0
CCCM-SO220117-0191,0,0
CCCM-SO220117-0192,0,0
CCCM-SO220117-0193,0,0
CCCM-SO220117-0194,0,0
CCCM-SO220117-0195,0,0
CCCM-SO220117-0196,0,0
CCCM-SO220117-0197,0,0
CCCM-SO220117-0198,0,0
CCCM-SO220117-0199,0,0
CCCM-SO220117-0200,0,0
CCCM-SO220117-0201,0,0
CCCM-SO220117-0202,0,0
CCCM-SO220117-0203,0,0
CCCM-SO220117-0204,0,0
CCCM-SO220117-0205,0,0
CCCM-SO220117-0206,0,0
CCCM-SO220117-0207,0,0
CCCM-SO220117-0208,0,0
CCCM-SO220117-0209,0,0
CCCM-SO220117-0210,0,0
CCCM-SO220117-0211,0,0
CCCM-SO220117-0212,0,0
CCCM-SO220117-0213,0,0
CCCM-SO220117-0214,0,0
CCCM-SO220117-0215,0,0
CCCM-SO220117-0216,0,0
CCCM-SO220117-0217,0,0
CCCM-SO220117-0218,0,0
CCCM-SO220117-0219,0,0
CCCM-SO220117-0220,0,0
CCCM-SO220117-0221,0,0
CCCM-SO220117-0222,0,0
CCCM-SO220117-0223,0,0
CCCM-SO220117-0224,0,0
CCCM-SO220117-0225,0,0
CCCM-SO220117-0226,0,0
CCCM-SO220117-0227,0,0
CCCM-SO220117-0228,0,0
CCCM-SO220117-0229,0,0
CCCM-SO220117-0230,0,0
CCCM-SO220117-0231,0,0
CCCM-SO220117-0232,0,0
CCCM-SO220117-0233,0,0
CCCM-SO220117-0234,0,0
CCCM-SO220117-0235,0,0
CCCM-SO220117-0236,0,0
CCCM-SO220117-0237,0,0
CCCM-SO220117-0238,0,0
CCCM-SO220117-0239,0,0
CCCM-SO220117-0240,0,0
CCCM-SO220117-0241,0,0
CCCM-SO220117-0242,0,0
CCCM-SO220117-0243,0,0
CCCM-SO220117-0244,0,0
CCCM-SO220117-0245,0,0
CCCM-SO220117-0246,0,0
CCCM-SO220117-0247,0,0
CCCM-SO220117-0248,0,0
CCCM-SO220117-0249,0,0
CCCM-SO220117-0250,0,0
CCCM-SO220117-0251,0,0
CCCM-SO220117-0252,0,0
CCCM-SO220117-0253,0,0
CCCM-SO220117-0254,0,0
CCCM-SO220117-0255,0,0
CCCM-SO220117-0256,0,0
CCCM-SO220117-0257,0,0
CCCM-SO220117-0258,0,0
CCCM-SO220117-0259,0,0
CCCM-SO220117-0260,0,0
CCCM-SO220117-0261,0,0
CCCM-SO220117-0262,0,0
CCCM-SO220117-0263,0,0
CCCM-SO220117-0264,0,0
CCCM-SO220117-0265,0,0
CCCM-SO220117-0266,0,0
CCCM-SO220117-0267,0,0
CCCM-SO220117-0268,0,0
CCCM-SO220117-0269,0,0
CCCM-SO220117-0270,0,0
CCCM-SO220117-0271,0,0
CCCM-SO220117-0272,0,0
CCCM-SO220117-0273,0,0
CCCM-SO220117-0274,0,0
CCCM-SO220117-0275,0,0
CCCM-SO220117-0276,0,0
CCCM-SO220117-0277,0,0
CCCM-SO220117-0278,0,0
CCCM-SO220117-0279,0,0
CCCM-SO220117-0280,0,0
CCCM-SO220117-0281,0,0
CCCM-SO220117-0282,0,0
CCCM-SO220117-0283,0,0
CCCM-SO220117-0284,0,0
CCCM-SO220117-0285,0,0
CCCM-SO220117-0286,0,0
CCCM-SO220117-0287,0,0
CCCM-SO220117-0288,0,0
CCCM-SO220117-0289,0,0
CCCM-SO220117-0290,0,0
CCCM-SO220117-0291,0,0
CCCM-SO220117-0292,0,0
CCCM-SO220117-0293,0,0
CCCM-SO220117-0294,0,0
CCCM-SO220117-0295,0,0
CCCM-SO220117-0296,0,0
CCCM-SO220117-0297,0,0
CCCM-SO220117-0298,0,0
CCCM-SO220117-0299,0,0
CCCM-SO220117-0300,0,0
CCCM-SO220117-0301,0,0
CCCM-SO220117-0302,0,0
CCCM-SO220117-0303,0,0
CCCM-SO220117-0304,0,0
CCCM-SO220117-0305,0,0
CCCM-SO220117-0306,0,0
CCCM-SO220117-0307,0,0
CCCM-SO220117-0308,0,0
CCCM-SO220117-0309,0,0
CCCM-SO220117-0310,0,0
CCCM-SO220117-0311,0,0
CCCM-SO220117-0312,0,0
CCCM-SO220117-0313,0,0
CCCM-SO220117-0314,0,0
CCCM-SO220117-0315,0,0
CCCM-SO220117-0316,0,0
CCCM-SO220117-0317,0,0
CCCM-SO220117-0318,0,0
CCCM-SO220117-0319,0,0
CCCM-SO220117-0320,0,0
CCCM-SO220117-0321,0,0
CCCM-SO220117-0322,0,0
CCCM-SO220117-0323,0,0
CCCM-SO220117-0324,0,0
CCCM-SO220117-0325,0,0
CCCM-SO220117-0326,0,0
CCCM-SO220117-0327,0,0
CCCM-SO220117-0328,0,0
CCCM-SO220117-0329,0,0
CCCM-SO220117-0330,0,0
CCCM-SO220117-0331,0,0
CCCM-SO220117-0332,0,0
CCCM-SO220117-0333,0,0
CCCM-SO220117-0334,0,0
CCCM-SO220117-0335,0,0
CCCM-SO220117-0336,0,0
CCCM-SO220117-0337,0,0
CCCM-SO220117-0338,0,0
CCCM-SO220117-0339,0,0
CCCM-SO220117-0340,0,0
CCCM-SO220117-0341,0,0
CCCM-SO220117-0342,0,0
CCCM-SO220117-0343,0,0
CCCM-SO220117-0344,0,0
CCCM-SO220117-0345,0,0
CCCM-SO220117-0346,0,0
CCCM-SO220117-0347,0,0
CCCM-SO220117-0348,0,0
CCCM-SO220117-0349,0,0
CCCM-SO220117-0350,0,0
CCCM-SO220117-0351,0,0
CCCM-SO220117-0352,0,0
CCCM-SO220117-0353,0,0
CCCM-SO220117-0354,0,0
CCCM-SO220117-0355,0,0
CCCM-SO220117-0356,0,0
CCCM-SO220117-0357,0,0
CCCM-SO220117-0358,0,0
CCCM-SO220117-0359,0,0
CCCM-SO220117-0360,0,0
CCCM-SO220117-0361,0,0
CCCM-SO220117-0362,0,0
CCCM-SO220117-0363,0,0
CCCM-SO220117-0364,0,0
CCCM-SO220117-0365,0,0
CCCM-SO220117-0366,0,0
CCCM-SO220117-0367,0,0
CCCM-SO220117-0368,0,0
CCCM-SO220117-0369,0,0
CCCM-SO220117-0370,0,0
CCCM-SO220117-0371,0,0
CCCM-SO220117-0372,0,0
CCCM-SO220117-0373,0,0
CCCM-SO220117-0374,0,0
CCCM-SO220117-0375,0,0
CCCM-SO220117-0376,0,0
CCCM-SO220117-0377,0,0
CCCM-SO220117-0378,0,0
CCCM-SO220117-0379,0,0
CCCM-SO220117-0380,0,0
CCCM-SO220117-0381,0,0
CCCM-SO220117-0382,0,0
CCCM-SO220117-0383,0,0
CCCM-SO220117-0384,0,0
CCCM-SO220117-0385,0,0
CCCM-SO220117-0386,0,0
CCCM-SO220117-0387,0,0
CCCM-SO220117-0388,0,0
CCCM-SO220117-0389,0,0
CCCM-SO220117-0390,0,0
CCCM-SO220117-0391,0,0
CCCM-SO220117-0392,0,0
CCCM-SO220117-0393,0,0
CCCM-SO220117-0394,0,0
CCCM-SO220117-0395,0,0
CCCM-SO220117-0396,0,0
CCCM-SO220117-0397,0,0
CCCM-SO220117-0398,0,0
CCCM-SO220117-0399,0,0
CCCM-SO220117-0400,0,0
CCCM-SO220117-0401,0,0
CCCM-SO220117-0402,0,0
CCCM-SO220117-0403,0,0
CCCM-SO220117-0404,0,0
CCCM-SO220117-0405,0,0
CCCM-SO220117-0406,0,0
CCCM-SO220117-0407,0,0
CCCM-SO220117-0408,0,0
CCCM-SO220117-0409,0,0
CCCM-SO220117-0410,0,0
CCCM-SO220117-0411,0,0
CCCM-SO220117-0412,0,0
CCCM-SO220117-0413,0,0
CCCM-SO220117-0414,0,0
CCCM-SO220117-0415,0,0
CCCM-SO220117-0416,0,0
CCCM-SO220117-0417,0,0
CCCM-SO220117-0418,0,0
CCCM-SO220117-0419,0,0
CCCM-SO220117-0420,0,0
CCCM-SO220117-0421,0,0
CCCM-SO220117-0422,0,0
CCCM-SO220117-0423,0,0
CCCM-SO220117-0424,0,0
CCCM-SO220117-0425,0,0
CCCM-SO220117-0426,0,0
CCCM-SO220117-0427,0,0
CCCM-SO220117-0428,0,0
CCCM-SO220117-0429,0,0
CCCM-SO220117-0430,0,0
CCCM-SO220117-0431,0,0
CCCM-SO220117-0432,0,0
CCCM-SO220117-0433,0,0
CCCM-SO220117-0434,0,0
CCCM-SO220117-0435,0,0
CCCM-SO220117-0436,0,0
CCCM-SO220117-0437,0,0
CCCM-SO220117-0438,0,0
CCCM-SO220117-0439,0,0
CCCM-SO220117-0440,0,0
CCCM-SO220117-0441,0,0
CCCM-SO220117-0442,0,0
CCCM-SO220117-0443,0,0
CCCM-SO220117-0444,0,0
CCCM-SO220117-0445,0,0
CCCM-SO220117-0446,0,0
CCCM-SO220117-0447,0,0
CCCM-SO220117-0448,0,0
CCCM-SO220117-0449,0,0
CCCM-SO220117-0450,0,0
CCCM-SO220117-0451,0,0
CCCM-SO220117-0452,0,0
CCCM-SO220117-0453,0,0
CCCM-SO220117-0454,0,0
CCCM-SO220117-0455,0,0
CCCM-SO220117-0456,0,0
CCCM-SO220117-0457,0,0
CCCM-SO220117-0458,0,0
CCCM-SO220117-0459,0,0
CCCM-SO220117-0460,0,0
CCCM-SO220117-0461,0,0
CCCM-SO220117-0462,0,0
CCCM-SO220117-0463,0,0
CCCM-SO220117-0464,0,0
CCCM-SO220117-0465,0,0
CCCM-SO220117-0466,0,0
CCCM-SO220117-0467,0,0
CCCM-SO220117-0468,0,0
CCCM-SO220117-0469,0,0
CCCM-SO220117-0470,0,0
CCCM-SO220117-0471,0,0
CCCM-SO220117-0472,0,0
CCCM-SO220117-0473,0,0
CCCM-SO220117-0474,0,0
CCCM-SO220117-0475,0,0
CCCM-SO220117-0476,0,0
CCCM-SO220117-0477,0,0
CCCM-SO220117-0478,0,0
CCCM-SO220117-0479,0,0
CCCM-SO220117-0480,0,0
CCCM-SO220117-0481,0,0
CCCM-SO220117-0482,0,0
CCCM-SO220117-0483,0,0
CCCM-SO220117-0484,0,0
CCCM-SO220117-0485,0,0
CCCM-SO220117-0486,0,0
CCCM-SO220117-0487,0,0
CCCM-SO220117-0488,0,0
CCCM-SO220117-0489,0,0
CCCM-SO220117-0490,0,0
CCCM-SO220117-0491,0,0
CCCM-SO220117-0492,0,0
CCCM-SO220117-0493,0,0
CCCM-SO220117-0494,0,0
CCCM-SO220117-0495,0,0
CCCM-SO220117-0496,0,0
CCCM-SO220117-0497,0,0
CCCM-SO220117-0498,0,0
CCCM-SO220117-0499,0,0
CCCM-SO220117-0500,0,0
CCCM-SO220117-0501,0,0
CCCM-SO220117-0502,0,0
CCCM-SO220117-0503,0,0
CCCM-SO220117-0504,0,0
CCCM-SO220117-0505,0,0
CCCM-SO220117-0506,0,0
CCCM-SO220117-0507,0,0
CCCM-SO220117-0508,0,0
CCCM-SO220117-0509,0,0
CCCM-SO220117-0510,0,0
CCCM-SO220117-0511,0,0
CCCM-SO220117-0512,0,0
CCCM-SO220117-0513,0,0
CCCM-SO220117-0514,0,0
CCCM-SO220117-0515,0,0
CCCM-SO220117-0516,0,0
CCCM-SO220117-0517,0,0
CCCM-SO220117-0518,0,0
CCCM-SO220117-0519,0,0
CCCM-SO220117-0520,0,0
CCCM-SO220117-0521,0,0
CCCM-SO220117-0522,0,0
CCCM-SO220117-0523,0,0
CCCM-SO220117-0524,0,0
CCCM-SO220117-0525,0,0
CCCM-SO220117-0526,0,0
CCCM-SO220117-0527,0,0
CCCM-SO220117-0528,0,0
CCCM-SO220117-0529,0,0
CCCM-SO220117-0530,0,0
CCCM-SO220117-0531,0,0
CCCM-SO220117-0532,0,0
CCCM-SO220117-0533,0,0
CCCM-SO220117-0534,0,0
CCCM-SO220117-0535,0,0
CCCM-SO220117-0536,0,0
CCCM-SO220117-0537,0,0
CCCM-SO220117-0538,0,0
CCCM-SO220117-0539,0,0
CCCM-SO220117-0540,0,0
CCCM-SO220117-0541,0,0
CCCM-SO220117-0542,0,0
CCCM-SO220117-0543,0,0
CCCM-SO220117-0544,0,0
CCCM-SO220117-0545,0,0
CCCM-SO220117-0546,0,0
CCCM-SO220117-0547,0,0
CCCM-SO220117-0548,0,0
CCCM-SO220117-0549,0,0
CCCM-SO220117-0550,0,0
CCCM-SO220117-0551,0,0
CCCM-SO220117-0552,0,0
CCCM-SO220117-0553,0,0
CCCM-SO220117-0554,0,0
CCCM-SO220117-0555,0,0
CCCM-SO220117-0556,0,0
CCCM-SO220117-0557,0,0
CCCM-SO220117-0558,0,0
CCCM-SO220117-0559,0,0
CCCM-SO220117-0560,0,0
CCCM-SO220117-0561,0,0
CCCM-SO220117-0562,0,0
CCCM-SO220117-0563,0,0
CCCM-SO220117-0564,0,0
CCCM-SO220117-0565,0,0
CCCM-SO220117-0566,0,0
CCCM-SO220117-0567,0,0
CCCM-SO220117-0568,0,0
CCCM-SO220117-0569,0,0
CCCM-SO220117-0570,0,0
CCCM-SO220117-0571,0,0
CCCM-SO220117-0572,0,0
CCCM-SO220117-0573,0,0
CCCM-SO220117-0574,0,0
CCCM-SO220117-0575,0,0
CCCM-SO220117-0576,0,0
CCCM-SO220117-0577,0,0
CCCM-SO220117-0578,0,0
CCCM-SO220117-0579,0,0
CCCM-SO220117-0580,0,0
CCCM-SO220117-0581,0,0
CCCM-SO220117-0582,0,0
CCCM-SO220117-0583,0,0
CCCM-SO220117-0584,0,0
CCCM-SO220117-0585,0,0
CCCM-SO220117-0586,0,0
CCCM-SO220117-0587,0,0
CCCM-SO220117-0588,0,0
CCCM-SO220117-0589,0,0
CCCM-SO220117-0590,0,0
CCCM-SO220117-0591,0,0
CCCM-SO220117-0592,0,0
CCCM-SO220117-0593,0,0
CCCM-SO220117-0594,0,0
CCCM-SO220117-0595,0,0
CCCM-SO220117-0596,0,0
CCCM-SO220117-0597,0,0
CCCM-SO220117-0598,0,0
CCCM-SO220117-0599,0,0
CCCM-SO220117-0600,0,0
CCCM-SO220117-0601,0,0
CCCM-SO220117-0602,0,0
CCCM-SO220117-0603,0,0
CCCM-SO220117-0604,0,0
CCCM-SO220117-0605,0,0
CCCM-SO220117-0606,0,0
CCCM-SO220117-0607,0,0
CCCM-SO220117-0608,0,0
CCCM-SO220117-0609,0,0
CCCM-SO220117-0610,0,0
CCCM-SO220117-0611,0,0
CCCM-SO220117-0612,0,0
CCCM-SO220117-0613,0,0
CCCM-SO220117-0614,0,0
CCCM-SO220117-0615,0,0
CCCM-SO220117-0616,0,0
CCCM-SO220117-0617,0,0
CCCM-SO220117-0618,0,0
CCCM-SO220117-0619,0,0
CCCM-SO220117-0620,0,0
CCCM-SO220117-0621,0,0
CCCM-SO220117-0622,0,0
CCCM-SO220117-0623,0,0
CCCM-SO220117-0624,0,0
CCCM-SO220117-0625,0,0
CCCM-SO220117-0626,0,0
CCCM-SO220117-0627,0,0
CCCM-SO220117-0628,0,0
CCCM-SO220117-0629,0,0
CCCM-SO220117-0630,0,0
CCCM-SO220117-0631,0,0
CCCM-SO220117-0632,0,0
CCCM-SO220117-0633,0,0
CCCM-SO220117-0634,0,0
CCCM-SO220117-0635,0,0
CCCM-SO220117-0636,0,0
CCCM-SO220117-0637,0,0
CCCM-SO220117-0638,0,0
CCCM-SO220117-0639,0,0
CCCM-SO220117-0640,0,0
CCCM-SO220117-0641,0,0
CCCM-SO220117-0642,0,0
CCCM-SO220117-0643,0,0
CCCM-SO220117-0644,0,0
CCCM-SO220117-0645,0,0
CCCM-SO220117-0646,0,0
CCCM-SO220117-0647,0,0
CCCM-SO220117-0648,0,0
CCCM-SO220117-0649,0,0
CCCM-SO220117-0650,0,0
CCCM-SO220117-0651,0,0
CCCM-SO220117-0652,0,0
CCCM-SO220117-0653,0,0
CCCM-SO220117-0654,0,0
CCCM-SO220117-0655,0,0
CCCM-SO220117-0656,0,0
CCCM-SO220117-0657,0,0
CCCM-SO220117-0658,0,0
CCCM-SO220117-0659,0,0
CCCM-SO220117-0660,0,0
CCCM-SO220117-0661,0,0
CCCM-SO220117-0662,0,0
CCCM-SO220117-0663,0,0
CCCM-SO220117-0664,0,0
CCCM-SO220117-0665,0,0
CCCM-SO220117-0666,0,0
CCCM-SO220117-0667,0,0
CCCM-SO220117-0668,0,0
CCCM-SO220117-0669,0,0
CCCM-SO220117-0670,0,0
CCCM-SO220117-0671,0,0
CCCM-SO220117-0672,0,0
CCCM-SO220117-0673,0,0
CCCM-SO220117-0674,0,0
CCCM-SO220117-0675,0,0
CCCM-SO220117-0676,0,0
CCCM-SO220117-0677,0,0
CCCM-SO220117-0678,0,0
CCCM-SO220117-0679,0,0
CCCM-SO220117-0680,0,0
CCCM-SO220117-0681,0,0
CCCM-SO220117-0682,0,0
CCCM-SO220117-0683,0,0
CCCM-SO220117-0684,0,0
CCCM-SO220117-0685,0,0
CCCM-SO220117-0686,0,0
CCCM-SO220117-0687,0,0
CCCM-SO220117-0688,0,0
CCCM-SO220117-0689,0,0
CCCM-SO220117-0690,0,0
CCCM-SO220117-0691,0,0
CCCM-SO220117-0692,0,0
CCCM-SO220117-0693,0,0
CCCM-SO220117-0694,0,0
CCCM-SO220117-0695,0,0
CCCM-SO220117-0696,0,0
CCCM-SO220117-0697,0,0
CCCM-SO220117-0698,0,0
CCCM-SO220117-0699,0,0
CCCM-SO220117-0700,0,0
CCCM-SO220117-0701,0,0
CCCM-SO220117-0702,0,0
CCCM-SO220117-0703,0,0
CCCM-SO220117-0704,0,0
CCCM-SO220117-0705,0,0
CCCM-SO220117-0706,0,0
CCCM-SO220117-0707,0,0
CCCM-SO220117-0708,0,0
CCCM-SO220117-0709,0,0
CCCM-SO220117-0710,0,0
CCCM-SO220117-0711,0,0
CCCM-SO220117-0712,0,0
CCCM-SO220117-0713,0,0
CCCM-SO220117-0714,0,0
CCCM-SO220117-0715,0,0
CCCM-SO220117-0716,0,0
CCCM-SO220117-0717,0,0
CCCM-SO220117-0718,0,0
CCCM-SO220117-0719,0,0
CCCM-SO220117-0720,0,0
CCCM-SO220117-0721,0,0
CCCM-SO220117-0722,0,0
CCCM-SO220117-0723,0,0
CCCM-SO220117-0724,0,0
CCCM-SO220117-0725,0,0
CCCM-SO220117-0726,0,0
CCCM-SO220117-0727,0,0
CCCM-SO220117-0728,0,0
CCCM-SO220117-0729,0,0
CCCM-SO220117-0730,0,0
CCCM-SO220117-0731,0,0
CCCM-SO220117-0732,0,0
CCCM-SO220117-0733,0,0
CCCM-SO220117-0734,0,0
CCCM-SO220117-0735,0,0
CCCM-SO220117-0736,0,0
CCCM-SO220117-0737,0,0
CCCM-SO220117-0738,0,0
CCCM-SO220117-0739,0,0
CCCM-SO220117-0740,0,0
CCCM-SO220117-0741,0,0
CCCM-SO220117-0742,0,0
CCCM-SO220117-0743,0,0
CCCM-SO220117-0744,0,0
CCCM-SO220117-0745,0,0
CCCM-SO220117-0746,0,0
CCCM-SO220117-0747,0,0
CCCM-SO220117-0748,0,0
CCCM-SO220117-0749,0,0
CCCM-SO220117-0750,0,0
CCCM-SO220117-0751,0,0
CCCM-SO220117-0752,0,0
CCCM-SO220117-0753,0,0
CCCM-SO220117-0754,0,0
CCCM-SO220117-0755,0,0
CCCM-SO220117-0756,0,0
CCCM-SO220117-0757,0,0
CCCM-SO220117-0758,0,0
CCCM-SO220117-0759,0,0
CCCM-SO220117-0760,0,0
CCCM-SO220117-0761,0,0
CCCM-SO220117-0762,0,0
CCCM-SO220117-0763,0,0
CCCM-SO220117-0764,0,0
CCCM-SO220117-0765,0,0
CCCM-SO220117-0766,0,0
CCCM-SO220117-0767,0,0
CCCM-SO220117-0768,0,0
CCCM-SO220117-0769,0,0
CCCM-SO220117-0770,0,0
CCCM-SO220117-0771,0,0
CCCM-SO220117-0772,0,0
CCCM-SO220117-0773,0,0
CCCM-SO220117-0774,0,0
CCCM-SO220117-0775,0,0
CCCM-SO220117-0776,0,0
CCCM-SO220117-0777,0,0
CCCM-SO220117-0778,0,0
CCCM-SO220117-0779,0,0
CCCM-SO220117-0780,0,0
CCCM-SO220117-0781,0,0
CCCM-SO220117-0782,0,0
CCCM-SO220117-0783,0,0
CCCM-SO220117-0784,0,0
CCCM-SO220117-0785,0,0
CCCM-SO220117-0786,0,0
CCCM-SO220117-0787,0,0
CCCM-SO220117-0788,0,0
CCCM-SO220117-0789,0,0
CCCM-SO220117-0790,0,0
CCCM-SO220117-0791,0,0
CCCM-SO220117-0792,0,0
CCCM-SO220117-0793,0,0
CCCM-SO220117-0794,0,0
CCCM-SO220117-0795,0,0
CCCM-SO220117-0796,0,0
CCCM-SO220117-0797,0,0
CCCM-SO220117-0798,0,0
CCCM-SO220117-0799,0,0
CCCM-SO220117-0800,0,0
CCCM-SO220117-0801,0,0
CCCM-SO220117-0802,0,0
CCCM-SO220117-0803,0,0
CCCM-SO220117-0804,0,0
CCCM-SO220117-0805,0,0
CCCM-SO220117-0806,0,0
CCCM-SO220117-0807,0,0
CCCM-SO220117-0808,0,0
CCCM-SO220117-0809,0,0
CCCM-SO220117-0810,0,0
CCCM-SO220117-0811,0,0
CCCM-SO220117-0812,0,0
CCCM-SO220117-0813,0,0
CCCM-SO220117-0814,0,0
CCCM-SO220117-0815,0,0
CCCM-SO220117-0816,0,0
CCCM-SO220117-0817,0,0
CCCM-SO220117-0818,0,0
CCCM-SO220117-0819,0,0
CCCM-SO220117-0820,0,0
CCCM-SO220117-0821,0,0
CCCM-SO220117-0822,0,0
CCCM-SO220117-0823,0,0
CCCM-SO220117-0824,0,0
CCCM-SO220117-0825,0,0
CCCM-SO220117-0826,0,0
CCCM-SO220117-0827,0,0
CCCM-SO220117-0828,0,0
CCCM-SO220117-0829,0,0
CCCM-SO220117-0830,0,0
CCCM-SO220117-0831,0,0
CCCM-SO220117-0832,0,0
CCCM-SO220117-0833,0,0
CCCM-SO220117-0834,0,0
CCCM-SO220117-0835,0,0
CCCM-SO220117-0836,0,0
CCCM-SO220117-0837,0,0
CCCM-SO220117-0838,0,0
CCCM-SO220117-0839,0,0
CCCM-SO220117-0840,0,0
CCCM-SO220117-0841,0,0
CCCM-SO220117-0842,0,0
CCCM-SO220117-0843,0,0
CCCM-SO220117-0844,0,0
CCCM-SO220117-0845,0,0
CCCM-SO220117-0846,0,0
CCCM-SO220117-0847,0,0
CCCM-SO220117-0848,0,0
CCCM-SO220117-0849,0,0
CCCM-SO220117-0850,0,0
CCCM-SO220117-0851,0,0
CCCM-SO220117-0852,0,0
CCCM-SO220117-0853,0,0
CCCM-SO220117-0854,0,0
CCCM-SO220117-0855,0,0
CCCM-SO220117-0856,0,0
CCCM-SO220117-0857,0,0
CCCM-SO220117-0858,0,0
CCCM-SO220117-0859,0,0
CCCM-SO220117-0860,0,0
CCCM-SO220117-0861,0,0
CCCM-SO220117-0862,0,0
CCCM-SO220117-0863,0,0
CCCM-SO220117-0864,0,0
CCCM-SO220117-0865,0,0
CCCM-SO220117-0866,0,0
CCCM-SO220117-0867,0,0
CCCM-SO220117-0868,0,0
CCCM-SO220117-0869,0,0
CCCM-SO220117-0870,0,0
CCCM-SO220117-0871,0,0
CCCM-SO220117-0872,0,0
CCCM-SO220117-0873,0,0
CCCM-SO220117-0874,0,0
CCCM-SO220117-0875,0,0
CCCM-SO220117-0876,0,0
CCCM-SO220117-0877,0,0
CCCM-SO220117-0878,0,0
CCCM-SO220117-0879,0,0
CCCM-SO220117-0880,0,0
CCCM-SO220117-0881,0,0
CCCM-SO220117-0882,0,0
CCCM-SO220117-0883,0,0
CCCM-SO220117-0884,0,0
CCCM-SO220117-0885,0,0
CCCM-SO220117-0886,0,0
CCCM-SO220117-0887,0,0
CCCM-SO220117-0888,0,0
CCCM-SO220117-0889,0,0
CCCM-SO220117-0890,0,0
CCCM-SO220117-0891,0,0
CCCM-SO220117-0892,0,0
CCCM-SO220117-0893,0,0
CCCM-SO220117-0894,0,0
CCCM-SO220117-0895,0,0
CCCM-SO220117-0896,0,0
CCCM-SO220117-0897,0,0
CCCM-SO220117-0898,0,0
CCCM-SO220117-0899,0,0
CCCM-SO220117-0900,0,0
CCCM-SO220117-0901,0,0
CCCM-SO220117-0902,0,0
CCCM-SO220117-0903,0,0
CCCM-SO220117-0904,0,0
CCCM-SO220117-0905,0,0
CCCM-SO220117-0906,0,0
CCCM-SO220117-0907,0,0
CCCM-SO220117-0908,0,0
CCCM-SO220117-0909,0,0
CCCM-SO220117-0910,0,0
CCCM-SO220117-0911,0,0
CCCM-SO220117-0912,0,0
CCCM-SO220117-0913,0,0
CCCM-SO220117-0914,0,0
CCCM-SO220117-0915,0,0
CCCM-SO220117-0916,0,0
CCCM-SO220117-0917,0,0
CCCM-SO220117-0918,0,0
CCCM-SO220117-0919,0,0
CCCM-SO220117-0920,0,0
CCCM-SO220117-0921,0,0
CCCM-SO220117-0922,0,0
CCCM-SO220117-0923,0,0
CCCM-SO220117-0924,0,0
CCCM-SO220117-0925,0,0
CCCM-SO220117-0926,0,0
CCCM-SO220117-0927,0,0
CCCM-SO220117-0928,0,0
CCCM-SO220117-0929,0,0
CCCM-SO220117-0930,0,0
CCCM-SO220117-0931,0,0
CCCM-SO220117-0932,0,0
CCCM-SO220117-0933,0,0
CCCM-SO220117-0934,0,0
CCCM-SO220117-0935,0,0
CCCM-SO220117-0936,0,0
CCCM-SO220117-0937,0,0
CCCM-SO220117-0938,0,0
CCCM-SO220117-0939,0,0
CCCM-SO220117-0940,0,0
CCCM-SO220117-0941,0,0
CCCM-SO220117-0942,0,0
CCCM-SO220117-0943,0,0
CCCM-SO220117-0944,0,0
CCCM-SO220117-0945,0,0
CCCM-SO220117-0946,0,0
CCCM-SO220117-0947,0,0
CCCM-SO220117-0948,0,0
CCCM-SO220117-0949,0,0
CCCM-SO2301-0001,0,0
CCCM-SO2301-0002,0,0
CCCM-SO2301-0003,0,0
CCCM-SO2301-0004,0,0
CCCM-SO2301-0005,0,0
CCCM-SO2302-0001,0,0
CCCM-SO2302-0002,0,0
CCCM-SO2302-0003,0,0
CCCM-SO2302-0004,0,0
CCCM-SO2302-0005,0,0
CCCM-SO2302-0006,0,0
CCCM-SO2302-0007,0,0
CCCM-SO2302-0008,0,0
CCCM-SO2302-0009,0,0
CCCM-SO2302-0010,0,0
CCCM-SO2302-0011,0,0
CCCM-SO2302-0012,0,0
CCCM-SO2302-0013,0,0
CCCM-SO2302-0014,0,0
CCCM-SO2302-0015,0,0
CCCM-SO2302-0016,0,0
CCCM-SO2302-0017,0,0
CCCM-SO2302-0018,0,0
CCCM-SO2302-0019,0,0
CCCM-SO2302-0020,0,0
CCCM-SO2302-0021,0,0
CCCM-SO2302-0022,0,0
CCCM-SO2302-0023,0,0
CCCM-SO2302-0024,0,0
CCCM-SO2302-0025,0,0
CCCM-SO2302-0026,0,0
CCCM-SO2302-0027,0,0
CCCM-SO2302-0028,0,0
CCCM-SO2302-0029,0,0
CCCM-SO2302-0030,0,0
CCCM-SO2302-0031,0,0
CCCM-SO2302-0032,0,0
CCCM-SO2302-0033,0,0
CCCM-SO2302-0034,0,0
CCCM-SO2302-0035,0,0
CCCM-SO2302-0036,0,0
CCCM-SO2302-0037,0,0
CCCM-SO2302-0038,0,0
CCCM-SO2302-0039,0,0
CCCM-SO2302-0040,0,0
CCCM-SO2302-0041,0,0
CCCM-SO2302-0042,0,0
CCCM-SO2302-0043,0,0
CCCM-SO2302-0044,0,0
CCCM-SO2302-0045,0,0
CCCM-SO2302-0046,0,0
CCCM-SO2302-0047,0,0
CCCM-SO2307-0001,0,0
CCCM-SO2307-0002,0,0
CCCM-SO2307-0003,0,0
CCCM-SO2307-0004,0,0
CCCM-SO2307-0005,0,0
CCCM-SO2307-0006,0,0
CCCM-SO2401-0001,0,0
CCCM-SO2401-0002,0,0
CCCM-SO2401-0003,0,0
CCCM-SO2401-0004,0,0
CCCM-SO2401-0005,0,0
CCCM-SO2401-0006,0,0
CCCM-SO2401-0007,0,0
CCCM-SO2401-0008,0,0
CCCM-SO2401-0009,0,0
CCCM-SO2401-0010,0,0
CCCM-SO2401-0011,0,0
CCCM-SO2401-0012,0,0
CCCM-SO2401-0013,0,0
CCCM-SO2401-0014,0,0
CCCM-SO2401-0015,0,0
CCCM-SO2401-0016,0,0
CCCM-SO2401-0017,0,0
CCCM-SO2401-0018,0,0
CCCM-SO2401-0019,0,0
CCCM-SO2401-0020,0,0
CCCM-SO2401-0021,0,0
CCCM-SO2401-0022,0,0
CCCM-SO2401-0023,0,0
CCCM-SO2401-0024,0,0
CCCM-SO2401-0025,0,0
CCCM-SO2401-0026,0,0
CCCM-SO2401-0027,0,0
CCCM-SO2401-0028,0,0
CCCM-SO2401-0029,0,0
CCCM-SO2401-0030,0,0
CCCM-SO2401-0031,0,0
CCCM-SO2401-0032,0,0
CCCM-SO2401-0033,0,0
CCCM-SO2401-0034,0,0
CCCM-SO2401-0035,0,0
CCCM-SO2401-0036,0,0
CCCM-SO2401-0037,0,0
CCCM-SO2401-0038,0,0
CCCM-SO2401-0039,0,0
CCCM-SO2401-0040,0,0
CCCM-SO2401-0041,0,0
CCCM-SO2401-0042,0,0
CCCM-SO2401-0043,0,0
CCCM-SO2401-0044,0,0
CCCM-SO2401-0045,0,0
CCCM-SO2401-0046,0,0
CCCM-SO2401-0047,0,0
CCCM-SO2401-0048,0,0
CCCM-SO2401-0049,0,0
CCCM-SO2401-0050,0,0
CCCM-SO2401-0051,0,0
CCCM-SO2401-0052,0,0
CCCM-SO2401-0053,0,0
CCCM-SO2401-0054,0,0
CCCM-SO2401-0055,0,0
CCCM-SO2401-0056,0,0
CCCM-SO2401-0057,0,0
CCCM-SO2401-0058,0,0
CCCM-SO2401-0059,0,0
CCCM-SO2401-0060,0,0
CCCM-SO2401-0061,0,0
CCCM-SO2401-0062,0,0
CCCM-SO2401-0063,0,0
CCCM-SO2401-0064,0,0
CCCM-SO2401-0065,0,0
CCCM-SO2401-0066,0,0
CCCM-SO2401-0067,0,0
CCCM-SO2401-0068,0,0
CCCM-SO2401-0069,0,0
CCCM-SO2401-0070,0,0
CCCM-SO2401-0071,0,0
CCCM-SO2401-0072,0,0
CCCM-SO2401-0073,0,0
CCCM-SO2401-0074,0,0
CCCM-SO2401-0076,0,0
CCCM-SO2401-0077,0,0
CCCM-SO2401-0078,0,0
CCCM-SO2401-0079,0,0
CCCM-SO2401-0080,0,0
CCCM-SO2401-0081,0,0
CCCM-SO2401-0082,0,0
CCCM-SO2401-0083,0,0
CCCM-SO2401-0084,0,0
CCCM-SO2401-0085,0,0
CCCM-SO2401-0086,0,0
CCCM-SO2401-0087,0,0
CCCM-SO2401-0088,0,0
CCCM-SO2401-0089,0,0
CCCM-SO2401-0090,0,0
CCCM-SO2401-0091,0,0
CCCM-SO2401-0092,0,0
CCCM-SO2401-0093,0,0
CCCM-SO2401-0094,0,0
CCCM-SO2401-0095,0,0
CCCM-SO2401-0096,0,0
CCCM-SO2401-0097,0,0
CCCM-SO2401-0098,0,0
CCCM-SO2401-0099,0,0
CCCM-SO2401-0101,0,0
CCCM-SO2401-0102,0,0
CCCM-SO2401-0103,0,0
CCCM-SO2401-0104,0,0
CCCM-SO2401-0105,0,0
CCCM-SO2401-0106,0,0
CCCM-SO2401-0107,0,0
CCCM-SO2401-0108,0,0
CCCM-SO2401-0109,0,0
CCCM-SO2401-0110,0,0
CCCM-SO2401-0111,0,0
CCCM-SO2401-0112,0,0
CCCM-SO2401-0113,0,0
CCCM-SO2401-0114,0,0
CCCM-SO2401-0115,0,0
CCCM-SO2401-0116,0,0
CCCM-SO2401-0117,0,0
CCCM-SO2401-0118,0,0
CCCM-SO2401-0119,0,0
CCCM-SO2401-0120,0,0
CCCM-SO2401-0121,0,0
CCCM-SO2401-0122,0,0
CCCM-SO2401-0123,0,0
CCCM-SO2401-0124,0,0
CCCM-SO2401-0125,0,0
CCCM-SO2401-0126,0,0
CCCM-SO2401-0127,0,0
CCCM-SO2401-0128,0,0
CCCM-SO2401-0129,0,0
CCCM-SO2401-0130,0,0
CCCM-SO2401-0131,0,0
CCCM-SO2401-0132,0,0
CCCM-SO2401-0133,0,0
CCCM-SO2401-0134,0,0
CCCM-SO2401-0135,0,0
CCCM-SO2401-0136,0,0
CCCM-SO2401-0137,0,0
CCCM-SO2401-0138,0,0
CCCM-SO2401-0139,0,0
CCCM-SO2401-0140,0,0
CCCM-SO2401-0141,0,0
CCCM-SO2401-0142,0,0
CCCM-SO2401-0143,0,0
CCCM-SO2401-0144,0,0
CCCM-SO2401-0145,0,0
CCCM-SO2401-0146,0,0
CCCM-SO2401-0147,0,0
CCCM-SO2401-0148,0,0
CCCM-SO2401-0149,0,0
CCCM-SO2401-0150,0,0
CCCM-SO2401-0151,0,0
CCCM-SO2401-0152,0,0
CCCM-SO2401-0153,0,0
CCCM-SO2401-0154,0,0
CCCM-SO2401-0155,0,0
CCCM-SO2401-0156,0,0
CCCM-SO2401-0157,0,0
CCCM-SO2401-0158,0,0
CCCM-SO2401-0159,0,0
CCCM-SO2401-0160,0,0
CCCM-SO2401-0161,0,0
CCCM-SO2401-0162,0,0
CCCM-SO2401-0163,0,0
CCCM-SO2401-0164,0,0
CCCM-SO2401-0165,0,0
CCCM-SO2401-0166,0,0
CCCM-SO2401-0167,0,0
CCCM-SO2401-0168,0,0
CCCM-SO2401-0169,0,0
CCCM-SO2401-0170,0,0
CCCM-SO2401-0171,0,0
CCCM-SO2401-0172,0,0
CCCM-SO2401-0173,0,0
CCCM-SO2401-0174,0,0
CCCM-SO2401-0175,0,0
CCCM-SO2401-0176,0,0
CCCM-SO2401-0177,0,0
CCCM-SO2401-0178,0,0
CCCM-SO2401-0179,0,0
CCCM-SO2401-0180,0,0
CCCM-SO2401-0181,0,0
CCCM-SO2401-0182,0,0
CCCM-SO2401-0183,0,0
CCCM-SO2401-0184,0,0
CCCM-SO2401-0185,0,0
CCCM-SO2401-0186,0,0
CCCM-SO2401-0187,0,0
CCCM-SO2401-0188,0,0
CCCM-SO2401-0189,0,0
CCCM-SO2401-0190,0,0
CCCM-SO2401-0191,0,0
CCCM-SO2401-0192,0,0
CCCM-SO2401-0193,0,0
CCCM-SO2401-0194,0,0
CCCM-SO2401-0195,0,0
CCCM-SO2401-0196,0,0
CCCM-SO2401-0197,0,0
CCCM-SO2401-0198,0,0
CCCM-SO2401-0199,0,0
CCCM-SO2401-0200,0,0
CCCM-SO2401-0201,0,0
CCCM-SO2401-0202,0,0
CCCM-SO2401-0203,0,0
CCCM-SO2401-0204,0,0
CCCM-SO2401-0205,0,0
CCCM-SO2401-0206,0,0
CCCM-SO2401-0207,0,0
CCCM-SO2401-0208,0,0
CCCM-SO2401-0209,0,0
CCCM-SO2401-0210,0,0
CCCM-SO2401-0211,0,0
CCCM-SO2401-0212,0,0
CCCM-SO2401-0213,0,0
CCCM-SO2401-0214,0,0
CCCM-SO2401-0215,0,0
CCCM-SO2401-0216,0,0
CCCM-SO2401-0217,0,0
CCCM-SO2401-0218,0,0
CCCM-SO2401-0219,0,0
CCCM-SO2401-0220,0,0
CCCM-SO2401-0221,0,0
CCCM-SO2401-0222,0,0
CCCM-SO2401-0223,0,0
CCCM-SO2401-0224,0,0
CCCM-SO2401-0225,0,0
CCCM-SO2401-0226,0,0
CCCM-SO2401-0227,0,0
CCCM-SO2401-0228,0,0
CCCM-SO2401-0229,0,0
CCCM-SO2401-0230,0,0
CCCM-SO2401-0231,0,0
CCCM-SO2401-0232,0,0
CCCM-SO2401-0233,0,0
CCCM-SO2401-0234,0,0
CCCM-SO2401-0235,0,0
CCCM-SO2401-0236,0,0
CCCM-SO2401-0237,0,0
CCCM-SO2401-0238,0,0
CCCM-SO2401-0239,0,0
CCCM-SO2401-0240,0,0
CCCM-SO2401-0241,0,0
CCCM-SO2401-0242,0,0
CCCM-SO2401-0243,0,0
CCCM-SO2401-0244,0,0
CCCM-SO2401-0245,0,0
CCCM-SO2401-0246,0,0
CCCM-SO2401-0247,0,0
CCCM-SO2401-0248,0,0
CCCM-SO2401-0249,0,0
CCCM-SO2401-0250,0,0
CCCM-SO2401-0251,0,0
CCCM-SO2401-0252,0,0
CCCM-SO2401-0253,0,0
CCCM-SO2401-0254,0,0
CCCM-SO2401-0255,0,0
CCCM-SO2401-0256,0,0
CCCM-SO2401-0257,0,0
CCCM-SO2401-0258,0,0
CCCM-SO2401-0259,0,0
CCCM-SO2401-0260,0,0
CCCM-SO2401-0261,0,0
CCCM-SO2401-0262,0,0
CCCM-SO2401-0263,0,0
CCCM-SO2401-0264,0,0
CCCM-SO2401-0265,0,0
CCCM-SO2401-0266,0,0
CCCM-SO2401-0267,0,0
CCCM-SO2401-0268,0,0
CCCM-SO2401-0269,0,0
CCCM-SO2401-0270,0,0
CCCM-SO2401-0271,0,0
CCCM-SO2401-0272,0,0
CCCM-SO2401-0273,0,0
CCCM-SO2401-0274,0,0
CCCM-SO2401-0275,0,0
CCCM-SO2401-0276,0,0
CCCM-SO2401-0277,0,0
CCCM-SO2401-0278,0,0
CCCM-SO2401-0279,0,0
CCCM-SO2401-0280,0,0
CCCM-SO2401-0281,0,0
CCCM-SO2401-0282,0,0
CCCM-SO2401-0283,0,0
CCCM-SO2401-0284,0,0
CCCM-SO2401-0285,0,0
CCCM-SO2401-0286,0,0
CCCM-SO2401-0287,0,0
CCCM-SO2401-0288,0,0
CCCM-SO2401-0289,0,0
CCCM-SO2401-0290,0,0
CCCM-SO2401-0291,0,0
CCCM-SO2401-0292,0,0
CCCM-SO2401-0293,0,0
CCCM-SO2401-0294,0,0
CCCM-SO2401-0295,0,0
CCCM-SO2401-0296,0,0
CCCM-SO2401-0297,0,0
CCCM-SO2401-0298,0,0
CCCM-SO2401-0299,0,0
CCCM-SO2401-0300,0,0
CCCM-SO2401-0301,0,0
CCCM-SO2401-0302,0,0
CCCM-SO2401-0303,0,0
CCCM-SO2401-0304,0,0
CCCM-SO2401-0305,0,0
CCCM-SO2401-0306,0,0
CCCM-SO2401-0307,0,0
CCCM-SO2401-0308,0,0
CCCM-SO2401-0309,0,0
CCCM-SO2401-0310,0,0
CCCM-SO2401-0311,0,0
CCCM-SO2401-0312,0,0
CCCM-SO2401-0313,0,0
CCCM-SO2401-0314,0,0
CCCM-SO2401-0315,0,0
CCCM-SO2401-0316,0,0
CCCM-SO2401-0317,0,0
CCCM-SO2401-0318,0,0
CCCM-SO2401-0319,0,0
CCCM-SO2401-0320,0,0
CCCM-SO2401-0321,0,0
CCCM-SO2401-0322,0,0
CCCM-SO2401-0323,0,0
CCCM-SO2401-0324,0,0
CCCM-SO2401-0325,0,0
CCCM-SO2401-0326,0,0
CCCM-SO2401-0327,0,0
CCCM-SO2401-0328,0,0
CCCM-SO2401-0329,0,0
CCCM-SO2401-0330,0,0
CCCM-SO2401-0331,0,0
CCCM-SO2401-0332,0,0
CCCM-SO2401-0333,0,0
CCCM-SO2401-0334,0,0
CCCM-SO2401-0335,0,0
CCCM-SO2401-0336,0,0
CCCM-SO2401-0337,0,0
CCCM-SO2401-0338,0,0
CCCM-SO2401-0339,0,0
CCCM-SO2401-0340,0,0
CCCM-SO2401-0341,0,0
CCCM-SO2401-0342,0,0
CCCM-SO2401-0343,0,0
CCCM-SO2401-0344,0,0
CCCM-SO2401-0345,0,0
CCCM-SO2401-0346,0,0
CCCM-SO2401-0347,0,0
CCCM-SO2401-0348,0,0
CCCM-SO2401-0349,0,0
CCCM-SO2401-0350,0,0
CCCM-SO2401-0351,0,0
CCCM-SO2401-0352,0,0
CCCM-SO2401-0353,0,0
CCCM-SO2401-0354,0,0
CCCM-SO2401-0355,0,0
CCCM-SO2401-0356,0,0
CCCM-SO2401-0357,0,0
CCCM-SO2401-0358,0,0
CCCM-SO2401-0359,0,0
CCCM-SO2401-0360,0,0
CCCM-SO2401-0361,0,0
CCCM-SO2401-0362,0,0
CCCM-SO2401-0363,0,0
CCCM-SO2401-0364,0,0
CCCM-SO2401-0365,0,0
CCCM-SO2401-0366,0,0
CCCM-SO2401-0367,0,0
CCCM-SO2401-0368,0,0
CCCM-SO2401-0369,0,0
CCCM-SO2401-0370,0,0
CCCM-SO2401-0371,0,0
CCCM-SO2401-0372,0,0
CCCM-SO2401-0373,0,0
CCCM-SO2401-0374,0,0
CCCM-SO2401-0375,0,0
CCCM-SO2401-0376,0,0
CCCM-SO2401-0377,0,0
CCCM-SO2401-0378,0,0
CCCM-SO2401-0379,0,0
CCCM-SO2401-0380,0,0
CCCM-SO2401-0381,0,0
CCCM-SO2401-0382,0,0
CCCM-SO2401-0383,0,0
CCCM-SO2401-0384,0,0
CCCM-SO2401-0385,0,0
CCCM-SO2401-0386,0,0
CCCM-SO2401-0387,0,0
CCCM-SO2401-0388,0,0
CCCM-SO2401-0389,0,0
CCCM-SO2401-0390,0,0
CCCM-SO2401-0391,0,0
CCCM-SO2401-0392,0,0
CCCM-SO2401-0393,0,0
CCCM-SO2401-0394,0,0
CCCM-SO2401-0395,0,0
CCCM-SO2401-0396,0,0
CCCM-SO2401-0397,0,0
CCCM-SO2401-0398,0,0
CCCM-SO2401-0399,0,0
CCCM-SO2401-0400,0,0
CCCM-SO2401-0401,0,0
CCCM-SO2401-0402,0,0
CCCM-SO2401-0403,0,0
CCCM-SO2401-0404,0,0
CCCM-SO2401-0405,0,0
CCCM-SO2401-0406,0,0
CCCM-SO2401-0407,0,0
CCCM-SO2401-0408,0,0
CCCM-SO2401-0409,0,0
CCCM-SO2401-0410,0,0
CCCM-SO2401-0411,0,0
CCCM-SO2401-0412,0,0
CCCM-SO2401-0413,0,0
CCCM-SO2401-0414,0,0
CCCM-SO2401-0415,0,0
CCCM-SO2401-0416,0,0
CCCM-SO2401-0417,0,0
CCCM-SO2401-0418,0,0
CCCM-SO2401-0419,0,0
CCCM-SO2401-0420,0,0
CCCM-SO2401-0421,0,0
CCCM-SO2401-0422,0,0
CCCM-SO2401-0423,0,0
CCCM-SO2401-0424,0,0
CCCM-SO2401-0425,0,0
CCCM-SO2401-0426,0,0
CCCM-SO2401-0427,0,0
CCCM-SO2401-0428,0,0
CCCM-SO2401-0429,0,0
CCCM-SO2401-0430,0,0
CCCM-SO2401-0431,0,0
CCCM-SO2401-0432,0,0
CCCM-SO2401-0433,0,0
CCCM-SO2401-0434,0,0
CCCM-SO2401-0435,0,0
CCCM-SO2401-0436,0,0
CCCM-SO2401-0437,0,0
CCCM-SO2401-0438,0,0
CCCM-SO2401-0439,0,0
CCCM-SO2401-0440,0,0
CCCM-SO2401-0441,0,0
CCCM-SO2401-0442,0,0
CCCM-SO2401-0443,0,0
CCCM-SO2401-0444,0,0
CCCM-SO2401-0445,0,0
CCCM-SO2401-0446,0,0
CCCM-SO2401-0447,0,0
CCCM-SO2401-0448,0,0
CCCM-SO2401-0449,0,0
CCCM-SO2401-0450,0,0
CCCM-SO2401-0451,0,0
CCCM-SO2401-0452,0,0
CCCM-SO2401-0453,0,0
CCCM-SO2401-0454,0,0
CCCM-SO2401-0455,0,0
CCCM-SO2401-0456,0,0
CCCM-SO2401-0457,0,0
CCCM-SO2401-0458,0,0
CCCM-SO2401-0459,0,0
CCCM-SO2401-0460,0,0
CCCM-SO2401-0461,0,0
CCCM-SO2401-0462,0,0
CCCM-SO2401-0463,0,0
CCCM-SO2401-0464,0,0
CCCM-SO2401-0465,0,0
CCCM-SO2401-0466,0,0
CCCM-SO2401-0467,0,0
CCCM-SO2401-0468,0,0
CCCM-SO2401-0469,0,0
CCCM-SO2401-0470,0,0
CCCM-SO2401-0471,0,0
CCCM-SO2401-0472,0,0
CCCM-SO2401-0473,0,0
CCCM-SO2401-0474,0,0
CCCM-SO2401-0475,0,0
CCCM-SO2401-0476,0,0
CCCM-SO2401-0477,0,0
CCCM-SO2401-0478,0,0
CCCM-SO2401-0479,0,0
CCCM-SO2401-0480,0,0
CCCM-SO2401-0481,0,0
CCCM-SO2401-0482,0,0
CCCM-SO2401-0483,0,0
CCCM-SO2401-0484,0,0
CCCM-SO2401-0485,0,0
CCCM-SO2401-0486,0,0
CCCM-SO2401-0487,0,0
CCCM-SO2401-0488,0,0
CCCM-SO2401-0489,0,0
CCCM-SO2401-0490,0,0
CCCM-SO2401-0491,0,0
CCCM-SO2401-0492,0,0
CCCM-SO2401-0493,0,0
CCCM-SO2401-0494,0,0
CCCM-SO2401-0495,0,0
CCCM-SO2401-0496,0,0
CCCM-SO2401-0497,0,0
CCCM-SO2401-0498,0,0
CCCM-SO2401-0499,0,0
CCCM-SO2401-0500,0,0
CCCM-SO2401-0501,0,0
CCCM-SO2401-0502,0,0
CCCM-SO2401-0503,0,0
CCCM-SO2401-0504,0,0
CCCM-SO2401-0505,0,0
CCCM-SO2401-0506,0,0
CCCM-SO2401-0507,0,0
CCCM-SO2401-0508,0,0
CCCM-SO2401-0509,0,0
CCCM-SO2401-0510,0,0
CCCM-SO2401-0511,0,0
CCCM-SO2401-0512,0,0
CCCM-SO2401-0513,0,0
CCCM-SO2401-0514,0,0
CCCM-SO2401-0515,0,0
CCCM-SO2401-0516,0,0
CCCM-SO2401-0517,0,0
CCCM-SO2401-0518,0,0
CCCM-SO2401-0519,0,0
CCCM-SO2401-0520,0,0
CCCM-SO2401-0521,0,0
CCCM-SO2401-0522,0,0
CCCM-SO2401-0523,0,0
CCCM-SO2401-0524,0,0
CCCM-SO2401-0525,0,0
CCCM-SO2401-0526,0,0
CCCM-SO2401-0527,0,0
CCCM-SO2401-0528,0,0
CCCM-SO2401-0529,0,0
CCCM-SO2401-0530,0,0
CCCM-SO2401-0531,0,0
CCCM-SO2401-0532,0,0
CCCM-SO2401-0533,0,0
CCCM-SO2401-0534,0,0
CCCM-SO2401-0535,0,0
CCCM-SO2401-0536,0,0
CCCM-SO2401-0537,0,0
CCCM-SO2401-0538,0,0
CCCM-SO2401-0539,0,0
CCCM-SO2401-0540,0,0
CCCM-SO2401-0541,0,0
CCCM-SO2401-0542,0,0
CCCM-SO2401-0543,0,0
CCCM-SO2401-0544,0,0
CCCM-SO2401-0545,0,0
CCCM-SO2401-0546,0,0
CCCM-SO2401-0547,0,0
CCCM-SO2401-0548,0,0
CCCM-SO2401-0549,0,0
CCCM-SO2401-0550,0,0
CCCM-SO2401-0551,0,0
CCCM-SO2401-0552,0,0
CCCM-SO2401-0553,0,0
CCCM-SO2401-0554,0,0
CCCM-SO2401-0555,0,0
CCCM-SO2401-0556,0,0
CCCM-SO2401-0557,0,0
CCCM-SO2401-0558,0,0
CCCM-SO2401-0559,0,0
CCCM-SO2401-0560,0,0
CCCM-SO2401-0561,0,0
CCCM-SO2401-0562,0,0
CCCM-SO2401-0563,0,0
CCCM-SO2401-0564,0,0
CCCM-SO2401-0565,0,0
CCCM-SO2401-0566,0,0
CCCM-SO2401-0567,0,0
CCCM-SO2401-0568,0,0
CCCM-SO2401-0569,0,0
CCCM-SO2401-0570,0,0
CCCM-SO2401-0571,0,0
CCCM-SO2401-0572,0,0
CCCM-SO2401-0573,0,0
CCCM-SO2401-0574,0,0
CCCM-SO2401-0575,0,0
CCCM-SO2401-0576,0,0
CCCM-SO2401-0577,0,0
CCCM-SO2403-0001,0,0
CCCM-SO2403-0002,0,0
CCCM-SO2403-0003,0,0
CCCM-SO2403-0004,0,0
CCCM-SO2403-0005,0,0
CCCM-SO2403-0006,0,0
CCCM-SO2403-0007,0,0
CCCM-SO2403-0008,0,0
CCCM-SO2403-0009,0,0
CCCM-SO2403-0010,0,0
CCCM-SO2403-0011,0,0
CCCM-SO2404-0001,0,0
CCCM-SO2404-0002,0,0
CCCM-SO2404-0003,0,0
CCCM-SO2501-0001,0,0
CCCM-SO2501-0002,0,0
CCCM-SO2501-0003,0,0
CCCM-SO2501-0004,0,0
CCCM-SO2501-0005,0,0
CCCM-SO2501-0006,0,0
CCCM-SO2501-0007,0,0
CCCM-SO2501-0008,0,0
CCCM-SO2501-0009,0,0
CCCM-SO2501-0010,0,0
CCCM-SO2501-0011,0,0
CCCM-SO2501-0012,0,0
CCCM-SO2501-0013,0,0
CCCM-SO2501-0014,0,0
CCCM-SO2501-0015,0,0
CCCM-SO2501-0016,0,0
CCCM-SO2501-0017,0,0
CCCM-SO2502-0001,0,0
CCCM-SO2502-0002,0,0
CCCM-SO2502-0003,0,0
CCCM-SO2502-0004,0,0
CCCM-SO2504-0001,0,0
CCCM-SO2504-0002,0,0
CCCM-SO2504-0003,0,0
CCCM-SO2504-0004,0,0
CCCM-SO2504-0005,0,0
CCCM-SO2504-0006,0,0
CCCM-SO2504-0007,0,0
CCCM-SO2504-0008,0,0
CCCM-SO2504-0009,0,0
CCCM-SO2504-0010,0,0
CCCM-SO2601-0001,0,0
CCCM-SO2601-0002,0,0
CCCM-SO2601-0003,0,0
CCCM-SO2601-0004,0,0
CCCM-SO2602-0001,0,0
CCCM-SO2602-0002,0,0
CCCM-SO2602-0003,0,0
CCCM-SO2603-0001,0,0
CCCM-SO2603-0002,0,0
CCCM-SO2603-0003,0,0
CCCM-SO2603-0004,0,0
CCCM-SO2603-0005,0,0
CCCM-SO2604-0001,0,0
CCCM-SO2604-0002,0,0
CCCM-SO2604-0003,0,0
CCCM-SO2605-0001,0,0
CCCM-SO2605-0002,0,0
CCCM-SO2606-0001,0,0
CCCM-SO2606-0002,0,0
CCCM-SO2606-0003,0,0
CCCM-SO2606-0004,0,0
CCCM-SO2606-0005,0,0
CCCM-SO2606-0006,0,0
CCCM-SO2606-0007,0,0
CCCM-SO2606-0008,0,0
CCCM-SO2606-0009,0,0
CCCM-SO2606-0010,0,0
CCCM-SO2606-0011,0,0
CCCM-SO2606-0012,0,0
CCCM-SO2606-0013,0,0
CCCM-SO2801-0001,0,0
CCCM-SO2801-0002,0,0
CCCM-SO2801-0003,0,0
CCCM-SO2801-0004,0,0
CCCM-SO2801-0005,0,0
CCCM-SO2801-0006,0,0
CCCM-SO2801-0007,0,0
CCCM-SO2801-0008,0,0
CCCM-SO2801-0009,0,0
CCCM-SO2801-0010,0,0
CCCM-SO2801-0011,0,0
CCCM-SO2801-0012,0,0
CCCM-SO2801-0013,0,0
CCCM-SO2801-0014,0,0
CCCM-SO2801-0015,0,0
CCCM-SO2801-0016,0,0
CCCM-SO2801-0017,0,0
CCCM-SO2801-0018,0,0
CCCM-SO2801-0019,0,0
CCCM-SO2801-0020,0,0
CCCM-SO2801-0021,0,0
CCCM-SO2801-0022,0,0
CCCM-SO2801-0023,0,0
CCCM-SO2801-0024,0,0
CCCM-SO2801-0025,0,0
CCCM-SO2801-0026,0,0
CCCM-SO2801-0027,0,0
CCCM-SO2801-0028,0,0
CCCM-SO2801-0029,0,0
CCCM-SO2801-0030,0,0
CCCM-SO2801-0031,0,0
CCCM-SO2801-0032,0,0
CCCM-SO2801-0033,0,0
CCCM-SO2801-0034,0,0
CCCM-SO2801-0035,0,0
CCCM-SO2801-0036,0,0
CCCM-SO2801-0037,0,0
CCCM-SO2801-0038,0,0
CCCM-SO2801-0039,0,0
CCCM-SO2801-0040,0,0
CCCM-SO2801-0041,0,0
CCCM-SO2801-0042,0,0
CCCM-SO2801-0043,0,0
CCCM-SO2801-0044,0,0
CCCM-SO2801-0045,0,0
CCCM-SO2801-0046,0,0
CCCM-SO2801-0047,0,0
CCCM-SO2801-0048,0,0
CCCM-SO2801-0049,0,0
CCCM-SO2801-0050,0,0
CCCM-SO2801-0051,0,0
CCCM-SO2801-0052,0,0
CCCM-SO2801-0053,0,0
CCCM-SO2801-0054,0,0
CCCM-SO2801-0055,0,0
CCCM-SO2801-0056,0,0
CCCM-SO2801-0057,0,0
CCCM-SO2801-0058,0,0
CCCM-SO2801-0059,0,0
CCCM-SO2801-0060,0,0
CCCM-SO2801-0061,0,0
CCCM-SO2801-0062,0,0
CCCM-SO2801-0063,0,0
CCCM-SO2801-0064,0,0
CCCM-SO2801-0065,0,0
CCCM-SO2801-0066,0,0
CCCM-SO2801-0067,0,0
CCCM-SO2801-0068,0,0
CCCM-SO2801-0069,0,0
CCCM-SO2801-0070,0,0
CCCM-SO2801-0071,0,0
CCCM-SO2801-0072,0,0
CCCM-SO2801-0073,0,0
CCCM-SO2801-0074,0,0
CCCM-SO2801-0075,0,0
CCCM-SO2801-0076,0,0
CCCM-SO2801-0077,0,0
CCCM-SO2801-0078,0,0
CCCM-SO2801-0079,0,0
CCCM-SO2801-0080,0,0
CCCM-SO2801-0081,0,0
CCCM-SO2801-0082,0,0
CCCM-SO2801-0083,0,0
CCCM-SO2801-0084,0,0
CCCM-SO2801-0085,0,0
CCCM-SO2801-0086,0,0
CCCM-SO2801-0087,0,0
CCCM-SO2801-0088,0,0
CCCM-SO2801-0089,0,0
CCCM-SO2801-0090,0,0
CCCM-SO2801-0091,0,0
CCCM-SO2801-0092,0,0
CCCM-SO2801-0093,0,0
CCCM-SO2801-0094,0,0
CCCM-SO2801-0095,0,0
CCCM-SO2801-0096,0,0
CCCM-SO2801-0097,0,0
CCCM-SO2801-0098,0,0
CCCM-SO2801-0099,0,0
CCCM-SO2801-0100,0,0
CCCM-SO2801-0101,0,0
CCCM-SO2801-0102,0,0
CCCM-SO2801-0103,0,0
CCCM-SO2801-0104,0,0
CCCM-SO2801-0105,0,0
CCCM-SO2801-0106,0,0
CCCM-SO2801-0107,0,0
CCCM-SO2801-0108,0,0
CCCM-SO2801-0109,0,0
CCCM-SO2801-0110,0,0
CCCM-SO2801-0111,0,0
CCCM-SO2801-0112,0,0
CCCM-SO2801-0113,0,0
CCCM-SO2801-0114,0,0
CCCM-SO2801-0115,0,0
CCCM-SO2801-0116,0,0
CCCM-SO2801-0117,0,0
CCCM-SO2801-0118,0,0
CCCM-SO2801-0119,0,0
CCCM-SO2801-0120,0,0
CCCM-SO2801-0121,0,0
CCCM-SO2801-0122,0,0
CCCM-SO2801-0123,0,0
CCCM-SO2801-0124,0,0
CCCM-SO2801-0125,0,0
CCCM-SO2801-0126,0,0
CCCM-SO2801-0127,0,0
CCCM-SO2801-0128,0,0
CCCM-SO2801-0129,0,0
CCCM-SO2801-0130,0,0
CCCM-SO2801-0131,0,0
CCCM-SO2801-0132,0,0
CCCM-SO2801-0133,0,0
CCCM-SO2801-0134,0,0
CCCM-SO2801-0135,0,0
CCCM-SO2801-0136,0,0
CCCM-SO2801-0137,0,0
CCCM-SO2801-0138,0,0
CCCM-SO2801-0139,0,0
CCCM-SO2801-0140,0,0
CCCM-SO2801-0141,0,0
CCCM-SO2801-0142,0,0
CCCM-SO2801-0143,0,0
CCCM-SO2801-0144,0,0
CCCM-SO2801-0145,0,0
CCCM-SO2801-0146,0,0
CCCM-SO2802-0001,0,0
CCCM-SO2802-0002,0,0
CCCM-SO2802-0003,0,0
CCCM-SO2802-0004,0,0
CCCM-SO2802-0005,0,0
CCCM-SO2802-0006,0,0
CCCM-SO2802-0007,0,0
CCCM-SO2802-0008,0,0
CCCM-SO2802-0009,0,0
CCCM-SO2802-0010,0,0
CCCM-SO2802-0011,0,0
CCCM-SO2802-0012,0,0
CCCM-SO2802-0013,0,0
CCCM-SO2802-0014,0,0
CCCM-SO2802-0015,0,0
CCCM-SO2802-0016,0,0
CCCM-SO2802-0017,0,0
